"a","b","c","d","nc_lo","nc_hi","ta_lo","ta_hi","am_lo","am_hi","bp_lo","bp_hi","p_exact","p_midp"
0,0,0,1,-0.793450685622763,0.793450685622763,-0.793450685422091,0.79345068542209,-0.653321328180018,0.653321328180018,-0.923935882899785,0.923935882899785,1,0.5
0,0,1,0,-1,0.122108720681942,-1,0.58690137082289,-1,0.510100874587773,-1,0.733535928078958,1,0.5
0,1,0,0,-0.122108720681942,1,-0.58690137082289,1,-0.510100874587773,1,-0.733535928078958,1,1,0.5
1,0,0,0,-0.793450685622763,0.793450685622763,-0.793450685422091,0.79345068542209,-0.653321328180018,0.653321328180018,-0.923935882899785,0.923935882899785,1,0.5
0,0,0,2,-0.657619772493347,0.657619772493347,-0.657619771345859,0.657619771345859,-0.489990996135013,0.489990996135013,-0.692951912174839,0.692951912174839,1,0.5
0,0,1,1,-0.905468794265769,0.272572785113181,-0.905468794260919,0.486429656909212,-0.898197160217028,0.398197160217028,-1,0.562558142416161,1,0.5
0,0,2,0,-1,-0.0699851988551997,-1,0.315239543337513,-1,0.192951912174839,-1,0.348689300557129,0.5,0.25
0,1,0,1,-0.272572785113181,0.905468794265769,-0.486429656909212,0.905468794260919,-0.398197160217028,0.898197160217028,-0.562558142416161,1,1,0.5
0,1,1,0,-0.810937588531539,0.810937588531539,-0.810937572028712,0.810937572028711,-0.848689300557129,0.848689300557129,-0.979981992270027,0.979981992270027,1,0.75
0,2,0,0,0.0699851988551997,1,-0.315239543337513,1,-0.192951912174839,1,-0.348689300557129,1,0.5,0.25
1,0,0,1,-0.573419467969717,0.573419467969717,-0.657619771345859,0.657619771345859,-0.489990996135013,0.489990996135013,-0.692951912174839,0.692951912174839,1,0.5
1,0,1,0,-0.905468794265769,0.272572785113181,-0.905468794260919,0.486429656909212,-0.898197160217028,0.398197160217028,-1,0.562558142416161,1,0.5
1,1,0,0,-0.272572785113181,0.905468794265769,-0.486429656909212,0.905468794260919,-0.398197160217028,0.898197160217028,-0.562558142416161,1,1,0.5
2,0,0,0,-0.657619772493347,0.657619772493347,-0.657619771345859,0.657619771345859,-0.489990996135013,0.489990996135013,-0.692951912174839,0.692951912174839,1,0.5
0,0,0,3,-0.561497031755045,0.561497031755045,-0.561497031760177,0.561497031760177,-0.391992796908011,0.391992796908011,-0.554361529739871,0.554361529739871,1,0.5
0,0,1,2,-0.792340399197952,0.290506916436378,-0.792340396751136,0.415329375675731,-0.725913524345949,0.325913524345949,-0.855929407724445,0.455929407724446,1,0.5
0,0,2,1,-0.938508055279604,0.0585687455846746,-0.938508043460673,0.269161719597292,-0.981419277476317,0.181419277476317,-1,0.301218032461265,0.5,0.25
0,0,3,0,-1,-0.205923282459778,-1,0.12299406351653,-1,-0.0185807225236827,-1,0.101218032461265,0.25,0.125
0,1,0,2,-0.290506916436378,0.792340399197952,-0.415329375675731,0.792340396751136,-0.325913524345949,0.725913524345949,-0.455929407724446,0.855929407724445,1,0.5
0,1,1,1,-0.639814305282747,0.639814305282747,-0.692404756683316,0.692404756683316,-0.678951440445703,0.678951440445703,-0.783985593816022,0.783985593816022,1,0.75
0,1,2,0,-0.877016110559207,0.584680798395904,-0.877016124578415,0.58468079839478,-0.964134635221769,0.56413463522177,-1,0.658813188984235,1,0.625
0,2,0,1,-0.0585687455846746,0.938508055279604,-0.269161719597292,0.938508043460674,-0.181419277476317,0.981419277476317,-0.301218032461265,1,0.5,0.25
0,2,1,0,-0.584680798395904,0.877016110559207,-0.58468079839478,0.877016124578414,-0.56413463522177,0.964134635221769,-0.658813188984235,1,1,0.625
0,3,0,0,0.205923282459778,1,-0.12299406351653,1,0.0185807225236827,1,-0.101218032461265,1,0.25,0.125
1,0,0,2,-0.471377415658369,0.471377415658369,-0.561497031760177,0.561497031760177,-0.391992796908011,0.391992796908011,-0.554361529739871,0.554361529739871,1,0.5
1,0,1,1,-0.717775111924084,0.315800684437491,-0.792340396751136,0.415329375675731,-0.725913524345949,0.325913524345949,-0.855929407724445,0.455929407724446,1,0.5
1,0,2,0,-0.938508055279604,0.0585687455846746,-0.938508043460673,0.269161719597292,-0.981419277476317,0.181419277476317,-1,0.301218032461265,0.5,0.25
1,1,0,1,-0.315800684437491,0.717775111924084,-0.415329375675731,0.792340396751136,-0.325913524345949,0.725913524345949,-0.455929407724446,0.855929407724445,1,0.5
1,1,1,0,-0.639814305282747,0.639814305282747,-0.692404756683316,0.692404756683316,-0.678951440445703,0.678951440445703,-0.783985593816022,0.783985593816022,1,0.75
1,2,0,0,-0.0585687455846746,0.938508055279604,-0.269161719597292,0.938508043460674,-0.181419277476317,0.981419277476317,-0.301218032461265,1,0.5,0.25
2,0,0,1,-0.471377415658369,0.471377415658369,-0.561497031760177,0.561497031760177,-0.391992796908011,0.391992796908011,-0.554361529739871,0.554361529739871,1,0.5
2,0,1,0,-0.792340399197952,0.290506916436378,-0.792340396751136,0.415329375675731,-0.725913524345949,0.325913524345949,-0.855929407724445,0.455929407724446,1,0.5
2,1,0,0,-0.290506916436378,0.792340399197952,-0.415329375675731,0.792340396751136,-0.325913524345949,0.725913524345949,-0.455929407724446,0.855929407724445,1,0.5
3,0,0,0,-0.561497031755045,0.561497031755045,-0.561497031760177,0.561497031760177,-0.391992796908011,0.391992796908011,-0.554361529739871,0.554361529739871,1,0.5
0,0,0,5,-0.434482464783175,0.434482464783175,-0.43448246482345,0.434482464823449,-0.279994854934293,0.279994854934293,-0.395972521242765,0.395972521242765,1,0.5
0,0,1,4,-0.624465370237475,0.264324837583889,-0.624465370238296,0.32137895616498,-0.524425811881248,0.238711526166962,-0.616134828756767,0.330420543042481,1,0.5
0,0,2,3,-0.769275718723987,0.118182438286972,-0.769275712522149,0.208275439333479,-0.722054752293914,0.150626180865342,-0.804164014776423,0.232735443347851,0.5,0.25
0,0,3,2,-0.882379225767352,-0.0297898907918418,-0.88237922576739,0.0951719668378438,-0.889865455816501,0.0327225986736439,-0.968191015281968,0.111048158139111,0.25,0.125
0,0,4,1,-0.96377589136757,-0.192590860510892,-0.96377589063327,-0.0179315863067295,-1,-0.110134544183499,-1,-0.0318089847180316,0.125,0.0625
0,0,5,0,-1,-0.385549005690344,-1,-0.131035070269895,-1,-0.277945247706086,-1,-0.195835985223577,0.0625,0.03125
0,1,0,4,-0.264324837583889,0.624465370237475,-0.32137895616498,0.624465370238296,-0.238711526166962,0.524425811881248,-0.330420543042481,0.616134828756767,1,0.5
0,1,1,3,-0.491682814736017,0.491682814736017,-0.535777932763032,0.535777932763032,-0.484965314604073,0.484965314604073,-0.559989709868587,0.559989709868587,1,0.75
0,1,2,2,-0.661050490551282,0.398142393831426,-0.697052569071198,0.44462241561583,-0.692756121543391,0.407041835829105,-0.759935748506257,0.474221462791971,1,0.625
0,1,3,1,-0.803981725883911,0.313097287448901,-0.826420963113857,0.349281864386493,-0.874940252856162,0.303511681427591,-0.938082555285971,0.3666539838574,0.625,0.375
0,1,4,0,-0.92755178273514,0.248930740474949,-0.927551804745148,0.248930740475104,-1,0.17936476639588,-1,0.240744293596373,0.375,0.21875
0,2,0,3,-0.118182438286972,0.769275718723987,-0.20827543933348,0.769275712522149,-0.150626180865342,0.722054752293914,-0.232735443347851,0.804164014776423,0.5,0.25
0,2,1,2,-0.398142393831426,0.661050490551282,-0.44462241561583,0.697052569071198,-0.407041835829105,0.692756121543391,-0.474221462791971,0.759935748506257,1,0.625
0,2,2,1,-0.595933697918403,0.595933697918403,-0.620758384860344,0.620758384860343,-0.626087528983272,0.626087528983272,-0.685844525193616,0.685844525193616,1,0.8125
0,2,3,0,-0.764758451534704,0.538551437447974,-0.764758439435476,0.538551436931941,-0.820487664852375,0.534773379138089,-0.876055781105474,0.590341495391188,1,0.6875
0,3,0,2,0.0297898907918418,0.882379225767352,-0.0951719668378453,0.88237922576739,-0.0327225986736439,0.889865455816501,-0.111048158139111,0.968191015281968,0.25,0.125
0,3,1,1,-0.313097287448901,0.803981725883911,-0.349281864386493,0.826420963113857,-0.303511681427591,0.874940252856162,-0.3666539838574,0.938082555285971,0.625,0.375
0,3,2,0,-0.538551437447974,0.764758451534704,-0.538551436931941,0.764758439435476,-0.534773379138089,0.820487664852375,-0.590341495391188,0.876055781105474,1,0.6875
0,4,0,1,0.192590860510892,0.96377589136757,0.0179315863067303,0.96377589063327,0.110134544183499,1,0.0318089847180316,1,0.125,0.0625
0,4,1,0,-0.248930740474949,0.92755178273514,-0.248930740475104,0.927551804745149,-0.17936476639588,1,-0.240744293596373,1,0.375,0.21875
0,5,0,0,0.385549005690344,1,0.131035070269895,1,0.277945247706086,1,0.195835985223577,1,0.0625,0.03125
1,0,0,4,-0.3935168323593,0.3935168323593,-0.43448246482345,0.434482464823449,-0.279994854934293,0.279994854934293,-0.395972521242765,0.395972521242765,1,0.5
1,0,1,3,-0.588383811558945,0.285224191761046,-0.624465370238296,0.32137895616498,-0.524425811881248,0.238711526166962,-0.616134828756767,0.330420543042481,1,0.5
1,0,2,2,-0.726436164874867,0.162614794481938,-0.769275712522149,0.208275439333479,-0.722054752293914,0.150626180865342,-0.804164014776423,0.232735443347851,0.5,0.25
1,0,3,1,-0.83161408676176,0.000284683347553605,-0.88237922576739,0.0951719668378438,-0.889865455816501,0.0327225986736439,-0.968191015281968,0.111048158139111,0.25,0.125
1,0,4,0,-0.96377589136757,-0.192590860510892,-0.96377589063327,-0.0179315863067295,-1,-0.110134544183499,-1,-0.0318089847180316,0.125,0.0625
1,1,0,3,-0.285224191761046,0.588383811558945,-0.32137895616498,0.624465370238296,-0.238711526166962,0.524425811881248,-0.330420543042481,0.616134828756767,1,0.5
1,1,1,2,-0.464868350809222,0.464868350809222,-0.535777932763032,0.535777932763032,-0.484965314604073,0.484965314604073,-0.559989709868587,0.559989709868587,1,0.75
1,1,2,1,-0.631341392253972,0.364077977787297,-0.697052569071198,0.44462241561583,-0.692756121543391,0.407041835829105,-0.759935748506257,0.474221462791971,1,0.625
1,1,3,0,-0.803981725883911,0.313097287448901,-0.826420963113857,0.349281864386493,-0.874940252856162,0.303511681427591,-0.938082555285971,0.3666539838574,0.625,0.375
1,2,0,2,-0.162614794481938,0.726436164874867,-0.20827543933348,0.769275712522149,-0.150626180865342,0.722054752293914,-0.232735443347851,0.804164014776423,0.5,0.25
1,2,1,1,-0.364077977787297,0.631341392253972,-0.44462241561583,0.697052569071198,-0.407041835829105,0.692756121543391,-0.474221462791971,0.759935748506257,1,0.625
1,2,2,0,-0.595933697918403,0.595933697918403,-0.620758384860344,0.620758384860343,-0.626087528983272,0.626087528983272,-0.685844525193616,0.685844525193616,1,0.8125
1,3,0,1,-0.000284683347553605,0.83161408676176,-0.0951719668378453,0.88237922576739,-0.0327225986736439,0.889865455816501,-0.111048158139111,0.968191015281968,0.25,0.125
1,3,1,0,-0.313097287448901,0.803981725883911,-0.349281864386493,0.826420963113857,-0.303511681427591,0.874940252856162,-0.3666539838574,0.938082555285971,0.625,0.375
1,4,0,0,0.192590860510892,0.96377589136757,0.0179315863067303,0.96377589063327,0.110134544183499,1,0.0318089847180316,1,0.125,0.0625
2,0,0,3,-0.307323109194212,0.307323109194212,-0.43448246482345,0.434482464823449,-0.279994854934293,0.279994854934293,-0.395972521242765,0.395972521242765,1,0.5
2,0,1,2,-0.545842508546092,0.252268542636646,-0.624465370238296,0.32137895616498,-0.524425811881248,0.238711526166962,-0.616134828756767,0.330420543042481,1,0.5
2,0,2,1,-0.726436164874867,0.162614794481938,-0.769275712522149,0.208275439333479,-0.722054752293914,0.150626180865342,-0.804164014776423,0.232735443347851,0.5,0.25
2,0,3,0,-0.882379225767352,-0.0297898907918418,-0.88237922576739,0.0951719668378438,-0.889865455816501,0.0327225986736439,-0.968191015281968,0.111048158139111,0.25,0.125
2,1,0,2,-0.252268542636646,0.545842508546092,-0.32137895616498,0.624465370238296,-0.238711526166962,0.524425811881248,-0.330420543042481,0.616134828756767,1,0.5
2,1,1,1,-0.464868350809222,0.464868350809222,-0.535777932763032,0.535777932763032,-0.484965314604073,0.484965314604073,-0.559989709868587,0.559989709868587,1,0.75
2,1,2,0,-0.661050490551282,0.398142393831425,-0.697052569071198,0.44462241561583,-0.692756121543391,0.407041835829105,-0.759935748506257,0.474221462791971,1,0.625
2,2,0,1,-0.162614794481938,0.726436164874867,-0.20827543933348,0.769275712522149,-0.150626180865342,0.722054752293914,-0.232735443347851,0.804164014776423,0.5,0.25
2,2,1,0,-0.398142393831425,0.661050490551282,-0.44462241561583,0.697052569071198,-0.407041835829105,0.692756121543391,-0.474221462791971,0.759935748506257,1,0.625
2,3,0,0,0.0297898907918418,0.882379225767352,-0.0951719668378453,0.88237922576739,-0.0327225986736439,0.889865455816501,-0.111048158139111,0.968191015281968,0.25,0.125
3,0,0,2,-0.307323109194212,0.307323109194212,-0.43448246482345,0.434482464823449,-0.279994854934293,0.279994854934293,-0.395972521242765,0.395972521242765,1,0.5
3,0,1,1,-0.588383811558945,0.285224191761045,-0.624465370238296,0.32137895616498,-0.524425811881248,0.238711526166962,-0.616134828756767,0.330420543042481,1,0.5
3,0,2,0,-0.769275718723987,0.118182438286972,-0.769275712522149,0.208275439333479,-0.722054752293914,0.150626180865342,-0.804164014776423,0.232735443347851,0.5,0.25
3,1,0,1,-0.285224191761045,0.588383811558945,-0.32137895616498,0.624465370238296,-0.238711526166962,0.524425811881248,-0.330420543042481,0.616134828756767,1,0.5
3,1,1,0,-0.491682814736017,0.491682814736017,-0.535777932763032,0.535777932763032,-0.484965314604073,0.484965314604073,-0.559989709868587,0.559989709868587,1,0.75
3,2,0,0,-0.118182438286972,0.769275718723987,-0.20827543933348,0.769275712522149,-0.150626180865342,0.722054752293914,-0.232735443347851,0.804164014776423,0.5,0.25
4,0,0,1,-0.3935168323593,0.3935168323593,-0.43448246482345,0.434482464823449,-0.279994854934293,0.279994854934293,-0.395972521242765,0.395972521242765,1,0.5
4,0,1,0,-0.624465370237475,0.264324837583889,-0.624465370238296,0.32137895616498,-0.524425811881248,0.238711526166962,-0.616134828756767,0.330420543042481,1,0.5
4,1,0,0,-0.264324837583889,0.624465370237475,-0.32137895616498,0.624465370238296,-0.238711526166962,0.524425811881248,-0.330420543042481,0.616134828756767,1,0.5
5,0,0,0,-0.434482464783175,0.434482464783175,-0.43448246482345,0.434482464823449,-0.279994854934293,0.279994854934293,-0.395972521242765,0.395972521242765,1,0.5
0,0,0,12,-0.242494006655241,0.242494006655241,-0.242494006850385,0.242494006850385,-0.139997427467147,0.139997427467147,-0.197986260621382,0.197986260621382,1,0.5
0,0,1,11,-0.353879911141117,0.168641353898679,-0.353879911142429,0.179368507281076,-0.265847219826873,0.12299007696973,-0.311007140049476,0.168149997192333,1,0.5
0,0,2,10,-0.448030862252973,0.103762248627577,-0.448030862419873,0.116243008000768,-0.373504156479679,0.0877898707653934,-0.412666936212413,0.126952650498127,0.5,0.25
0,0,3,9,-0.532305334933566,0.0411067320475474,-0.532305353475783,0.053117508600344,-0.470796107528045,0.0422246789566166,-0.506513128363782,0.077941699792353,0.25,0.125
0,0,4,8,-0.6093779111272,-0.0220271284314832,-0.60937790595857,-0.0100079908233283,-0.56066377505741,-0.0107647963711616,-0.594253588538843,0.0228250171102713,0.125,0.0625
0,0,5,7,-0.68048868745045,-0.0869489967913522,-0.680488687450449,-0.0731334902914758,-0.644539733324772,-0.0697459809609423,-0.676824330075747,-0.0374613842099674,0.0625,0.03125
0,0,6,6,-0.746218402366294,-0.154418106771315,-0.7462184024965,-0.136258989795711,-0.723184412142367,-0.13395844500049,-0.754755563357271,-0.102387293785586,0.03125,0.015625
0,0,7,5,-0.806739686341243,-0.22499633843307,-0.806739686285562,-0.199384489309473,-0.796979390932074,-0.203020609067926,-0.828323070063321,-0.171676929936679,0.015625,0.00781250000000001
0,0,8,4,-0.861879908908787,-0.299237827034955,-0.86187992643381,-0.262509988809865,-0.86604155499951,-0.276815587857633,-0.897612706214414,-0.245244436642729,0.0078125,0.00390625
0,0,9,3,-0.911058331605945,-0.377844595100831,-0.911058331038839,-0.325635488288224,-0.930254019039058,-0.355460266675228,-0.962538615790033,-0.323175669924253,0.00390625,0.001953125
0,0,10,2,-0.953034857816146,-0.461891340793931,-0.95303487273215,-0.388760987743654,-0.989235203628838,-0.43933622494259,-1,-0.405746411461157,0.001953125,0.0009765625
0,0,11,1,-0.985134905595083,-0.553350283844181,-0.9851349123286,-0.451886487212696,-1,-0.529203892471955,-1,-0.493486871636218,0.0009765625,0.00048828125
0,0,12,0,-1,-0.657061686993967,-1,-0.515011986157469,-1,-0.626495843520321,-1,-0.587333063787587,0.00048828125,0.000244140625
0,1,0,11,-0.168641353898679,0.353879911141117,-0.179368507281076,0.353879911142429,-0.12299007696973,0.265847219826873,-0.168149997192333,0.311007140049476,1,0.5
0,1,1,10,-0.285046176645325,0.285046176645325,-0.299029187995015,0.299029187995015,-0.242482657302037,0.242482657302037,-0.279994854934293,0.279994854934293,1,0.75
0,1,2,9,-0.381744061287706,0.226920509519927,-0.397456813026508,0.244101962062631,-0.348912211018116,0.206055068160973,-0.382228265664713,0.239371122807571,1,0.625
0,1,3,8,-0.468517090195851,0.171424563720386,-0.485034728261201,0.188738515557807,-0.446825240340797,0.161110954626512,-0.477515003941044,0.191800718226758,0.625,0.375
0,1,4,7,-0.548240872024863,0.115819276529549,-0.565076897992373,0.132627976511698,-0.53831679494955,0.109745366378121,-0.567266479956582,0.138695051385154,0.375,0.21875
0,1,5,6,-0.622289963865085,0.0589801322917239,-0.639080490386606,0.0755329419897119,-0.624529546711902,0.0531009752833304,-0.652313604838451,0.0808850334098797,0.21875,0.125
0,1,6,5,-0.691397885433331,0.000452539511834604,-0.707782483849018,0.0172941972084189,-0.706135011544587,-0.00815070274112717,-0.733167861007467,0.0188821467217528,0.125,0.0703125
0,1,7,4,-0.755953624797821,-0.0598581797960396,-0.771492342092703,-0.0421764296276771,-0.783529692996146,-0.0736131641467108,-0.810140097595533,-0.0470027595473237,0.0703125,0.0390625
0,1,8,3,-0.816130655916761,-0.121721088778218,-0.83020034007731,-0.102907001328478,-0.856924807253886,-0.143075192746114,-0.883398745082248,-0.116601254917752,0.0390625,0.021484375
0,1,9,2,-0.871960137182703,-0.184313415955456,-0.883570295700228,-0.164875685093409,-0.926386835853289,-0.216470307003854,-0.952997240452676,-0.189859902404467,0.021484375,0.01171875
0,1,10,1,-0.923399842063734,-0.245020488232319,-0.930809295862634,-0.228019379080707,-0.991849297258873,-0.293864988455413,-1,-0.266832138992533,0.01171875,0.00634765625
0,1,11,0,-0.970269811190166,-0.292240177717766,-0.970269798520612,-0.292240160305107,-1,-0.375470453288098,-1,-0.347686395161549,0.00634765625,0.00341796875
0,2,0,10,-0.103762248627577,0.448030862252973,-0.116243008000768,0.448030862419873,-0.0877898707653934,0.373504156479679,-0.126952650498127,0.412666936212413,0.5,0.25
0,2,1,9,-0.226920509519927,0.381744061287706,-0.244101962062631,0.397456813026508,-0.206055068160973,0.348912211018116,-0.239371122807571,0.382228265664713,1,0.625
0,2,2,8,-0.327056806656066,0.327056806656066,-0.346458604101021,0.346458604101021,-0.313043764491636,0.313043764491636,-0.342922262596808,0.342922262596808,1,0.8125
0,2,3,7,-0.417212153498443,0.275144982965255,-0.437098171555924,0.294664292067647,-0.412303518637512,0.26944637578037,-0.439932315415138,0.297075172557996,1,0.6875
0,2,4,6,-0.500473893532234,0.22322086035543,-0.519920112208155,0.241798710055752,-0.505617619870103,0.219903334155817,-0.531694439653746,0.24598015393946,0.6875,0.453125
0,2,5,5,-0.578333173293378,0.170229467870925,-0.596646041297858,0.187677427925465,-0.594015487454755,0.165444058883327,-0.619000404318619,0.190428975747191,0.453125,0.2890625
0,2,6,4,-0.651630611212992,0.115835435553009,-0.668147593719481,0.132190146463306,-0.678135412158468,0.106706840729896,-0.702359962731508,0.130931391302937,0.2890625,0.1796875
0,2,7,3,-0.720870565245446,0.0601200696332756,-0.734851371228428,0.0752828529885274,-0.758383537070502,0.0440978227847879,-0.782105635426106,0.0678199211403919,0.1796875,0.109375
0,2,8,2,-0.786346381023936,0.00359792845761764,-0.796884312837215,0.0169429916392228,-0.835011988651554,-0.0221308684913034,-0.85844723456156,0.00130437741870254,0.109375,0.0654296875
0,2,9,1,-0.848163519870035,-0.0523761882129926,-0.85410819182689,-0.0428112989902979,-0.908159132481513,-0.0918408675184867,-0.931501051129056,-0.0684989488709437,0.0654296875,0.03857421875
0,2,10,0,-0.906069715632292,-0.103938275494053,-0.906069714180609,-0.103938275499772,-0.977869131508697,-0.164988011348446,-1,-0.14155276543844,0.03857421875,0.0224609375
0,3,0,9,-0.0411067320475474,0.532305334933566,-0.053117508600344,0.532305353475782,-0.0422246789566166,0.470796107528045,-0.077941699792353,0.506513128363782,0.25,0.125
0,3,1,8,-0.171424563720386,0.468517090195851,-0.188738515557807,0.485034728261201,-0.161110954626512,0.446825240340797,-0.191800718226758,0.477515003941044,0.625,0.375
0,3,2,7,-0.275144982965255,0.417212153498443,-0.294664292067647,0.437098171555924,-0.26944637578037,0.412303518637512,-0.297075172557996,0.439932315415138,1,0.6875
0,3,3,6,-0.368711051019017,0.368711051019017,-0.388134866912485,0.388134866912486,-0.370398377266873,0.370398377266873,-0.395972521242765,0.395972521242765,1,0.84375
0,3,4,5,-0.455410266942798,0.320153253987453,-0.473550935184845,0.337903003986474,-0.465629394651375,0.322772251794233,-0.489750897783447,0.346893754926304,1,0.7265625
0,3,5,4,-0.536813334538283,0.270546727914498,-0.552821694541284,0.286256207583456,-0.556129115143564,0.270414829429278,-0.579197609436771,0.293483323722485,0.7265625,0.5078125
0,3,6,3,-0.613804266084565,0.219661171759876,-0.626930271545186,0.233117584302062,-0.642530107157179,0.21395867858575,-0.664832648270697,0.236261219699268,0.5078125,0.34375
0,3,7,2,-0.686901163352164,0.167720733515419,-0.696398032285271,0.178458116037138,-0.725251428484449,0.153822857055877,-0.747008312959358,0.175579741530787,0.34375,0.2265625
0,3,8,1,-0.756358402546758,0.115455689223742,-0.761458050678005,0.122280917022062,-0.804571781804235,0.0902860675185206,-0.825962569101576,0.111676854815861,0.2265625,0.14599609375
0,3,9,0,-0.82211666321189,0.0646106698671313,-0.822116647589477,0.0646106698035978,-0.880669303232529,0.0235264460896716,-0.901849114471052,0.0447062573281951,0.14599609375,0.0922851562500002
0,4,0,8,0.0220271284314832,0.6093779111272,0.0100079908233283,0.60937790595857,0.0107647963711616,0.56066377505741,-0.0228250171102713,0.594253588538843,0.125,0.0625
0,4,1,7,-0.115819276529549,0.548240872024863,-0.132627976511703,0.56507689799237,-0.109745366378121,0.53831679494955,-0.138695051385154,0.567266479956582,0.375,0.21875
0,4,2,6,-0.22322086035543,0.500473893532234,-0.241798710055752,0.519920112208155,-0.219903334155817,0.505617619870103,-0.24598015393946,0.531694439653746,0.6875,0.453125
0,4,3,5,-0.320153253987453,0.455410266942798,-0.337903003986474,0.473550935184845,-0.322772251794233,0.465629394651375,-0.346893754926304,0.489750897783447,1,0.7265625
0,4,4,4,-0.41011751475714,0.41011751475714,-0.425750849115577,0.425750849115576,-0.41999228240144,0.41999228240144,-0.442710737360401,0.442710737360401,1,0.86328125
0,4,5,3,-0.494753309798841,0.363679966430909,-0.50740523663649,0.376401926404174,-0.51255536547352,0.369698222616377,-0.534237525665407,0.391380382808264,1,0.75390625
0,4,6,2,-0.574963148990887,0.315976394308237,-0.583940635895784,0.325453696648839,-0.60110629176235,0.315392006048064,-0.622014280098951,0.336299994384666,0.75390625,0.548828125
0,4,7,1,-0.651242120633732,0.267363452431336,-0.655954177663148,0.272898666160506,-0.686082089240723,0.257510660669295,-0.70641486310552,0.277843434534091,0.548828125,0.3876953125
0,4,8,0,-0.723759817817574,0.218755822254401,-0.723759817786004,0.218755822243037,-0.767784259130383,0.196355687701812,-0.787701077340137,0.216272505911565,0.3876953125,0.266845703125
0,5,0,7,0.0869489967913522,0.68048868745045,0.0731334902914759,0.680488687450449,0.0697459809609423,0.644539733324772,0.0374613842099674,0.676824330075747,0.0625,0.03125
0,5,1,6,-0.0589801322917239,0.622289963865085,-0.0755329419897111,0.639080490386605,-0.0531009752833304,0.624529546711902,-0.0808850334098797,0.652313604838451,0.21875,0.125
0,5,2,5,-0.170229467870925,0.578333173293378,-0.187677427925465,0.596646041297858,-0.165444058883327,0.594015487454755,-0.190428975747191,0.619000404318619,0.453125,0.2890625
0,5,3,4,-0.270546727914498,0.536813334538283,-0.286256207583456,0.552821694541284,-0.270414829429278,0.556129115143564,-0.293483323722485,0.579197609436771,0.7265625,0.5078125
0,5,4,3,-0.363679966430909,0.494753309798841,-0.376401926404174,0.507405236636489,-0.369698222616377,0.51255536547352,-0.391380382808264,0.534237525665407,1,0.75390625
0,5,5,2,-0.451344397418576,0.451344397418576,-0.460303054431926,0.460303054431927,-0.464318938523521,0.464318938523521,-0.484965314604073,0.484965314604073,1,0.876953125
0,5,6,1,-0.534456694307368,0.40658946063463,-0.539109429816051,0.411489147255561,-0.554948382624775,0.412091239767632,-0.574807839492554,0.431950696635412,1,0.7744140625
0,5,7,0,-0.613479372682487,0.3609773749009,-0.613479372730341,0.36097735067313,-0.642047328925724,0.356333043211438,-0.66130687191928,0.375592586204994,0.7744140625,0.5810546875
0,6,0,6,0.154418106771315,0.746218402366294,0.136258989795711,0.746218402496499,0.13395844500049,0.723184412142367,0.102387293785586,0.754755563357271,0.03125,0.015625
0,6,1,5,-0.000452539511834604,0.691397885433331,-0.0172941972084177,0.707782483849018,0.00815070274112717,0.706135011544587,-0.0188821467217528,0.733167861007467,0.125,0.0703125
0,6,2,4,-0.115835435553009,0.651630611212992,-0.132190146463306,0.668147593719481,-0.106706840729896,0.678135412158468,-0.130931391302937,0.702359962731508,0.2890625,0.1796875
0,6,3,3,-0.219661171759876,0.613804266084565,-0.233117584302062,0.626930271545186,-0.21395867858575,0.642530107157179,-0.236261219699268,0.664832648270697,0.5078125,0.34375
0,6,4,2,-0.315976394308237,0.574963148990887,-0.325453696648839,0.583940635895784,-0.315392006048064,0.60110629176235,-0.336299994384666,0.622014280098951,0.75390625,0.548828125
0,6,5,1,-0.40658946063463,0.534456694307368,-0.411489147255561,0.539109429816051,-0.412091239767632,0.554948382624775,-0.431950696635412,0.574807839492554,1,0.7744140625
0,6,6,0,-0.492436804732588,0.492436804732588,-0.492436804805548,0.492436804805548,-0.504767903165848,0.504767903165848,-0.523822408611799,0.523822408611799,1,0.88720703125
0,7,0,5,0.22499633843307,0.806739686341243,0.199384489309473,0.806739686285562,0.203020609067926,0.796979390932074,0.171676929936679,0.828323070063321,0.015625,0.00781250000000001
0,7,1,4,0.0598581797960396,0.755953624797821,0.0421764296276733,0.771492342092703,0.0736131641467108,0.783529692996146,0.0470027595473237,0.810140097595533,0.0703125,0.0390625
0,7,2,3,-0.0601200696332756,0.720870565245446,-0.0752828529885275,0.734851371228427,-0.0440978227847879,0.758383537070502,-0.0678199211403919,0.782105635426106,0.1796875,0.109375
0,7,3,2,-0.167720733515419,0.686901163352164,-0.178458116037138,0.696398032285271,-0.153822857055877,0.725251428484449,-0.175579741530787,0.747008312959358,0.34375,0.2265625
0,7,4,1,-0.267363452431336,0.651242120633732,-0.272898666160505,0.655954177663148,-0.257510660669295,0.686082089240723,-0.277843434534091,0.70641486310552,0.548828125,0.3876953125
0,7,5,0,-0.3609773749009,0.613479372682487,-0.360977350673131,0.613479372730341,-0.356333043211438,0.642047328925724,-0.375592586204994,0.66130687191928,0.7744140625,0.5810546875
0,8,0,4,0.299237827034955,0.861879908908787,0.262509988809865,0.861879926433812,0.276815587857633,0.86604155499951,0.245244436642729,0.897612706214414,0.0078125,0.00390625
0,8,1,3,0.121721088778218,0.816130655916761,0.10290700132847,0.830200340077312,0.143075192746114,0.856924807253886,0.116601254917752,0.883398745082248,0.0390625,0.021484375
0,8,2,2,-0.00359792845761764,0.786346381023936,-0.0169429916392227,0.796884312837215,0.0221308684913034,0.835011988651554,-0.00130437741870254,0.85844723456156,0.109375,0.0654296875
0,8,3,1,-0.115455689223742,0.756358402546758,-0.122280917022062,0.761458050678005,-0.0902860675185206,0.804571781804235,-0.111676854815861,0.825962569101576,0.2265625,0.14599609375
0,8,4,0,-0.218755822254401,0.723759817817574,-0.218755822243037,0.723759817786004,-0.196355687701812,0.767784259130383,-0.216272505911565,0.787701077340137,0.3876953125,0.266845703125
0,9,0,3,0.377844595100831,0.911058331605945,0.325635488288224,0.91105833103884,0.355460266675228,0.930254019039058,0.323175669924253,0.962538615790033,0.00390625,0.001953125
0,9,1,2,0.184313415955456,0.871960137182703,0.164875685093409,0.883570295700228,0.216470307003854,0.926386835853289,0.189859902404467,0.952997240452676,0.021484375,0.01171875
0,9,2,1,0.0523761882129926,0.848163519870035,0.0428112989902979,0.85410819182689,0.0918408675184867,0.908159132481513,0.0684989488709437,0.931501051129056,0.0654296875,0.03857421875
0,9,3,0,-0.0646106698671313,0.82211666321189,-0.0646106698035978,0.822116647589479,-0.0235264460896716,0.880669303232529,-0.0447062573281951,0.901849114471052,0.14599609375,0.0922851562500002
0,10,0,2,0.461891340793931,0.953034857816146,0.388760987743655,0.953034872732149,0.43933622494259,0.989235203628838,0.405746411461157,1,0.001953125,0.0009765625
0,10,1,1,0.245020488232319,0.923399842063734,0.228019379080707,0.930809295862494,0.293864988455413,0.991849297258873,0.266832138992533,1,0.01171875,0.00634765625
0,10,2,0,0.103938275494053,0.906069715632292,0.103938275499772,0.906069714180609,0.164988011348446,0.977869131508697,0.14155276543844,1,0.03857421875,0.0224609375
0,11,0,1,0.553350283844181,0.985134905595083,0.451886487212696,0.985134912328605,0.529203892471955,1,0.493486871636218,1,0.0009765625,0.00048828125
0,11,1,0,0.292240177717766,0.970269811190166,0.292240160305106,0.970269798520612,0.375470453288098,1,0.347686395161549,1,0.00634765625,0.00341796875
0,12,0,0,0.657061686993967,1,0.51501198615747,1,0.626495843520321,1,0.587333063787587,1,0.00048828125,0.000244140625
1,0,0,11,-0.247069805788124,0.247069805788124,-0.242494006850385,0.242494006850385,-0.139997427467147,0.139997427467147,-0.197986260621382,0.197986260621382,1,0.5
1,0,1,10,-0.354374300316457,0.181349161687788,-0.353879911142429,0.179368507281076,-0.265847219826873,0.12299007696973,-0.311007140049476,0.168149997192333,1,0.5
1,0,2,9,-0.445332641559682,0.123100125464102,-0.448030862419873,0.116243008000768,-0.373504156479679,0.0877898707653934,-0.412666936212413,0.126952650498127,0.5,0.25
1,0,3,8,-0.52723447500979,0.0662967270222287,-0.532305353475783,0.053117508600344,-0.470796107528045,0.0422246789566166,-0.506513128363782,0.077941699792353,0.25,0.125
1,0,4,7,-0.602496412534818,0.0086389581336932,-0.60937790595857,-0.0100079908233283,-0.56066377505741,-0.0107647963711616,-0.594253588538843,0.0228250171102713,0.125,0.0625
1,0,5,6,-0.672227621050878,-0.0508539380372309,-0.680488687450449,-0.0731334902914758,-0.644539733324772,-0.0697459809609423,-0.676824330075747,-0.0374613842099674,0.0625,0.03125
1,0,6,5,-0.733662787594117,-0.122114422855354,-0.7462184024965,-0.136258989795711,-0.723184412142367,-0.13395844500049,-0.754755563357271,-0.102387293785586,0.03125,0.015625
1,0,7,4,-0.790205539510575,-0.196815468684237,-0.806739686285562,-0.199384489309473,-0.796979390932074,-0.203020609067926,-0.828323070063321,-0.171676929936679,0.015625,0.00781250000000001
1,0,8,3,-0.841674340560268,-0.275652916402746,-0.86187992643381,-0.262509988809865,-0.86604155499951,-0.276815587857633,-0.897612706214414,-0.245244436642729,0.0078125,0.00390625
1,0,9,2,-0.887899799512066,-0.35966519330012,-0.911058331038839,-0.325635488288224,-0.930254019039058,-0.355460266675228,-0.962538615790033,-0.323175669924253,0.00390625,0.001953125
1,0,10,1,-0.930162045417701,-0.450722693743938,-0.95303487273215,-0.388760987743654,-0.989235203628838,-0.43933622494259,-1,-0.405746411461157,0.001953125,0.0009765625
1,0,11,0,-0.985134905595083,-0.553350283844181,-0.9851349123286,-0.451886487212696,-1,-0.529203892471955,-1,-0.493486871636218,0.0009765625,0.00048828125
1,1,0,10,-0.181349161687788,0.354374300316457,-0.179368507281076,0.353879911142429,-0.12299007696973,0.265847219826873,-0.168149997192333,0.311007140049476,1,0.5
1,1,1,9,-0.294547654704848,0.294547654704848,-0.299029187995015,0.299029187995015,-0.242482657302037,0.242482657302037,-0.279994854934293,0.279994854934293,1,0.75
1,1,2,8,-0.389967899381361,0.240866599944914,-0.397456813026508,0.244101962062631,-0.348912211018116,0.206055068160973,-0.382228265664713,0.239371122807571,1,0.625
1,1,3,7,-0.467547147743296,0.175786279742924,-0.485034728261201,0.188738515557807,-0.446825240340797,0.161110954626512,-0.477515003941044,0.191800718226758,0.625,0.375
1,1,4,6,-0.539707634718087,0.109271776128079,-0.565076897992373,0.132627976511698,-0.53831679494955,0.109745366378121,-0.567266479956582,0.138695051385154,0.375,0.21875
1,1,5,5,-0.607106883237848,0.0405507559533594,-0.639080490386606,0.0755329419897119,-0.624529546711902,0.0531009752833304,-0.652313604838451,0.0808850334098797,0.21875,0.125
1,1,6,4,-0.677974676788645,-0.0166786655677477,-0.707782483849018,0.0172941972084189,-0.706135011544587,-0.00815070274112717,-0.733167861007467,0.0188821467217528,0.125,0.0703125
1,1,7,3,-0.744593665420875,-0.075821343061448,-0.771492342092703,-0.0421764296276771,-0.783529692996146,-0.0736131641467108,-0.810140097595533,-0.0470027595473237,0.0703125,0.0390625
1,1,8,2,-0.807440086159945,-0.136254028163245,-0.83020034007731,-0.102907001328478,-0.856924807253886,-0.143075192746114,-0.883398745082248,-0.116601254917752,0.0390625,0.021484375
1,1,9,1,-0.866965627966586,-0.19585431597671,-0.883570295700228,-0.164875685093409,-0.926386835853289,-0.216470307003854,-0.952997240452676,-0.189859902404467,0.021484375,0.01171875
1,1,10,0,-0.923399842063734,-0.245020488232319,-0.930809295862634,-0.228019379080707,-0.991849297258873,-0.293864988455413,-1,-0.266832138992533,0.01171875,0.00634765625
1,2,0,9,-0.123100125464102,0.445332641559682,-0.116243008000768,0.448030862419873,-0.0877898707653934,0.373504156479679,-0.126952650498127,0.412666936212413,0.5,0.25
1,2,1,8,-0.240866599944914,0.389967899381361,-0.244101962062631,0.397456813026508,-0.206055068160973,0.348912211018116,-0.239371122807571,0.382228265664713,1,0.625
1,2,2,7,-0.325017058493309,0.325017058493309,-0.346458604101021,0.346458604101021,-0.313043764491636,0.313043764491636,-0.342922262596808,0.342922262596808,1,0.8125
1,2,3,6,-0.402927443274498,0.259893285795535,-0.437098171555924,0.294664292067647,-0.412303518637512,0.26944637578037,-0.439932315415138,0.297075172557996,1,0.6875
1,2,4,5,-0.488901343589241,0.210051359232327,-0.519920112208155,0.241798710055752,-0.505617619870103,0.219903334155817,-0.531694439653746,0.24598015393946,0.6875,0.453125
1,2,5,4,-0.569102971733959,0.158746548956027,-0.596646041297858,0.187677427925465,-0.594015487454755,0.165444058883327,-0.619000404318619,0.190428975747191,0.453125,0.2890625
1,2,6,3,-0.644651124630865,0.105880083201042,-0.668147593719481,0.132190146463306,-0.678135412158468,0.106706840729896,-0.702359962731508,0.130931391302937,0.2890625,0.1796875
1,2,7,2,-0.716198360775655,0.0518688777158839,-0.734851371228428,0.0752828529885274,-0.758383537070502,0.0440978227847879,-0.782105635426106,0.0678199211403919,0.1796875,0.109375
1,2,8,1,-0.784080194669537,-0.00206019331932689,-0.796884312837215,0.0169429916392228,-0.835011988651554,-0.0221308684913034,-0.85844723456156,0.00130437741870254,0.109375,0.0654296875
1,2,9,0,-0.848163519870035,-0.0523761882129927,-0.85410819182689,-0.0428112989902979,-0.908159132481513,-0.0918408675184867,-0.931501051129056,-0.0684989488709437,0.0654296875,0.03857421875
1,3,0,8,-0.0662967270222287,0.52723447500979,-0.053117508600344,0.532305353475782,-0.0422246789566166,0.470796107528045,-0.077941699792353,0.506513128363782,0.25,0.125
1,3,1,7,-0.175786279742924,0.467547147743296,-0.188738515557807,0.485034728261201,-0.161110954626512,0.446825240340797,-0.191800718226758,0.477515003941044,0.625,0.375
1,3,2,6,-0.259893285795535,0.402927443274498,-0.294664292067647,0.437098171555924,-0.26944637578037,0.412303518637512,-0.297075172557996,0.439932315415138,1,0.6875
1,3,3,5,-0.3574642753265,0.3574642753265,-0.388134866912485,0.388134866912486,-0.370398377266873,0.370398377266873,-0.395972521242765,0.395972521242765,1,0.84375
1,3,4,4,-0.447108978439247,0.311121937340871,-0.473550935184845,0.337903003986474,-0.465629394651375,0.322772251794233,-0.489750897783447,0.346893754926304,1,0.7265625
1,3,5,3,-0.530972670658382,0.263314981139626,-0.552821694541284,0.286256207583456,-0.556129115143564,0.270414829429278,-0.579197609436771,0.293483323722485,0.7265625,0.5078125
1,3,6,2,-0.610165990108439,0.214153264463703,-0.626930271545186,0.233117584302062,-0.642530107157179,0.21395867858575,-0.664832648270697,0.236261219699268,0.5078125,0.34375
1,3,7,1,-0.685259010610102,0.164313106441465,-0.696398032285271,0.178458116037138,-0.725251428484449,0.153822857055877,-0.747008312959358,0.175579741530787,0.34375,0.2265625
1,3,8,0,-0.756358402546759,0.115455689223742,-0.761458050678005,0.122280917022062,-0.804571781804235,0.0902860675185206,-0.825962569101576,0.111676854815861,0.2265625,0.14599609375
1,4,0,7,-0.0086389581336932,0.602496412534818,0.0100079908233283,0.60937790595857,0.0107647963711616,0.56066377505741,-0.0228250171102713,0.594253588538843,0.125,0.0625
1,4,1,6,-0.109271776128079,0.539707634718087,-0.132627976511703,0.56507689799237,-0.109745366378121,0.53831679494955,-0.138695051385154,0.567266479956582,0.375,0.21875
1,4,2,5,-0.210051359232327,0.488901343589241,-0.241798710055752,0.519920112208155,-0.219903334155817,0.505617619870103,-0.24598015393946,0.531694439653746,0.6875,0.453125
1,4,3,4,-0.311121937340871,0.447108978439247,-0.337903003986474,0.473550935184845,-0.322772251794233,0.465629394651375,-0.346893754926304,0.489750897783447,1,0.7265625
1,4,4,3,-0.404099118169371,0.404099118169371,-0.425750849115577,0.425750849115576,-0.41999228240144,0.41999228240144,-0.442710737360401,0.442710737360401,1,0.86328125
1,4,5,2,-0.491157967436213,0.359503917307717,-0.50740523663649,0.376401926404174,-0.51255536547352,0.369698222616377,-0.534237525665407,0.391380382808264,1,0.75390625
1,4,6,1,-0.573381949089087,0.313626065601923,-0.583940635895784,0.325453696648839,-0.60110629176235,0.315392006048064,-0.622014280098951,0.336299994384666,0.75390625,0.548828125
1,4,7,0,-0.651242120633732,0.267363452431336,-0.655954177663148,0.272898666160506,-0.686082089240723,0.257510660669295,-0.70641486310552,0.277843434534091,0.548828125,0.3876953125
1,5,0,6,0.0508539380372309,0.672227621050878,0.0731334902914759,0.680488687450449,0.0697459809609423,0.644539733324772,0.0374613842099674,0.676824330075747,0.0625,0.03125
1,5,1,5,-0.0405507559533594,0.607106883237848,-0.0755329419897111,0.639080490386605,-0.0531009752833304,0.624529546711902,-0.0808850334098797,0.652313604838451,0.21875,0.125
1,5,2,4,-0.158746548956027,0.569102971733959,-0.187677427925465,0.596646041297858,-0.165444058883327,0.594015487454755,-0.190428975747191,0.619000404318619,0.453125,0.2890625
1,5,3,3,-0.263314981139626,0.530972670658382,-0.286256207583456,0.552821694541284,-0.270414829429278,0.556129115143564,-0.293483323722485,0.579197609436771,0.7265625,0.5078125
1,5,4,2,-0.359503917307717,0.491157967436213,-0.376401926404174,0.507405236636489,-0.369698222616377,0.51255536547352,-0.391380382808264,0.534237525665407,1,0.75390625
1,5,5,1,-0.449531243496342,0.449531243496342,-0.460303054431926,0.460303054431927,-0.464318938523521,0.464318938523521,-0.484965314604073,0.484965314604073,1,0.876953125
1,5,6,0,-0.534456694307368,0.406589460634629,-0.539109429816051,0.411489147255561,-0.554948382624775,0.412091239767632,-0.574807839492554,0.431950696635412,1,0.7744140625
1,6,0,5,0.122114422855354,0.733662787594117,0.136258989795711,0.746218402496499,0.13395844500049,0.723184412142367,0.102387293785586,0.754755563357271,0.03125,0.015625
1,6,1,4,0.0166786655677477,0.677974676788645,-0.0172941972084177,0.707782483849018,0.00815070274112717,0.706135011544587,-0.0188821467217528,0.733167861007467,0.125,0.0703125
1,6,2,3,-0.105880083201042,0.644651124630865,-0.132190146463306,0.668147593719481,-0.106706840729896,0.678135412158468,-0.130931391302937,0.702359962731508,0.2890625,0.1796875
1,6,3,2,-0.214153264463703,0.610165990108439,-0.233117584302062,0.626930271545186,-0.21395867858575,0.642530107157179,-0.236261219699268,0.664832648270697,0.5078125,0.34375
1,6,4,1,-0.313626065601923,0.573381949089087,-0.325453696648839,0.583940635895784,-0.315392006048064,0.60110629176235,-0.336299994384666,0.622014280098951,0.75390625,0.548828125
1,6,5,0,-0.406589460634629,0.534456694307368,-0.411489147255561,0.539109429816051,-0.412091239767632,0.554948382624775,-0.431950696635412,0.574807839492554,1,0.7744140625
1,7,0,4,0.196815468684237,0.790205539510575,0.199384489309473,0.806739686285562,0.203020609067926,0.796979390932074,0.171676929936679,0.828323070063321,0.015625,0.00781250000000001
1,7,1,3,0.075821343061448,0.744593665420875,0.0421764296276733,0.771492342092703,0.0736131641467108,0.783529692996146,0.0470027595473237,0.810140097595533,0.0703125,0.0390625
1,7,2,2,-0.0518688777158839,0.716198360775655,-0.0752828529885275,0.734851371228427,-0.0440978227847879,0.758383537070502,-0.0678199211403919,0.782105635426106,0.1796875,0.109375
1,7,3,1,-0.164313106441465,0.685259010610102,-0.178458116037138,0.696398032285271,-0.153822857055877,0.725251428484449,-0.175579741530787,0.747008312959358,0.34375,0.2265625
1,7,4,0,-0.267363452431336,0.651242120633732,-0.272898666160505,0.655954177663148,-0.257510660669295,0.686082089240723,-0.277843434534091,0.70641486310552,0.548828125,0.3876953125
1,8,0,3,0.275652916402746,0.841674340560268,0.262509988809865,0.861879926433812,0.276815587857633,0.86604155499951,0.245244436642729,0.897612706214414,0.0078125,0.00390625
1,8,1,2,0.136254028163245,0.807440086159945,0.10290700132847,0.830200340077312,0.143075192746114,0.856924807253886,0.116601254917752,0.883398745082248,0.0390625,0.021484375
1,8,2,1,0.00206019331932689,0.784080194669537,-0.0169429916392227,0.796884312837215,0.0221308684913034,0.835011988651554,-0.00130437741870254,0.85844723456156,0.109375,0.0654296875
1,8,3,0,-0.115455689223742,0.756358402546759,-0.122280917022062,0.761458050678005,-0.0902860675185206,0.804571781804235,-0.111676854815861,0.825962569101576,0.2265625,0.14599609375
1,9,0,2,0.35966519330012,0.887899799512066,0.325635488288224,0.91105833103884,0.355460266675228,0.930254019039058,0.323175669924253,0.962538615790033,0.00390625,0.001953125
1,9,1,1,0.19585431597671,0.866965627966586,0.164875685093409,0.883570295700228,0.216470307003854,0.926386835853289,0.189859902404467,0.952997240452676,0.021484375,0.01171875
1,9,2,0,0.0523761882129927,0.848163519870035,0.0428112989902979,0.85410819182689,0.0918408675184867,0.908159132481513,0.0684989488709437,0.931501051129056,0.0654296875,0.03857421875
1,10,0,1,0.450722693743938,0.930162045417701,0.388760987743655,0.953034872732149,0.43933622494259,0.989235203628838,0.405746411461157,1,0.001953125,0.0009765625
1,10,1,0,0.245020488232319,0.923399842063734,0.228019379080707,0.930809295862494,0.293864988455413,0.991849297258873,0.266832138992533,1,0.01171875,0.00634765625
1,11,0,0,0.553350283844181,0.985134905595083,0.451886487212696,0.985134912328605,0.529203892471955,1,0.493486871636218,1,0.0009765625,0.00048828125
2,0,0,10,-0.21527343801838,0.21527343801838,-0.242494006850385,0.242494006850385,-0.139997427467147,0.139997427467147,-0.197986260621382,0.197986260621382,1,0.5
2,0,1,9,-0.326487889483728,0.158127602845418,-0.353879911142429,0.179368507281076,-0.265847219826873,0.12299007696973,-0.311007140049476,0.168149997192333,1,0.5
2,0,2,8,-0.420450655275942,0.105089090358119,-0.448030862419873,0.116243008000768,-0.373504156479679,0.0877898707653934,-0.412666936212413,0.126952650498127,0.5,0.25
2,0,3,7,-0.50462283157091,0.0517663531382166,-0.532305353475783,0.053117508600344,-0.470796107528045,0.0422246789566166,-0.506513128363782,0.077941699792353,0.25,0.125
2,0,4,6,-0.581871773797136,-0.00347324653716891,-0.60937790595857,-0.0100079908233283,-0.56066377505741,-0.0107647963711616,-0.594253588538843,0.0228250171102713,0.125,0.0625
2,0,5,5,-0.653632504448397,-0.0612474696909154,-0.680488687450449,-0.0731334902914758,-0.644539733324772,-0.0697459809609423,-0.676824330075747,-0.0374613842099674,0.0625,0.03125
2,0,6,4,-0.720775829255097,-0.121733080048111,-0.7462184024965,-0.136258989795711,-0.723184412142367,-0.13395844500049,-0.754755563357271,-0.102387293785586,0.03125,0.015625
2,0,7,3,-0.78400281567482,-0.184758230385492,-0.806739686285562,-0.199384489309473,-0.796979390932074,-0.203020609067926,-0.828323070063321,-0.171676929936679,0.015625,0.00781250000000001
2,0,8,2,-0.835950186026996,-0.268757605302316,-0.86187992643381,-0.262509988809865,-0.86604155499951,-0.276815587857633,-0.897612706214414,-0.245244436642729,0.0078125,0.00390625
2,0,9,1,-0.887899799512066,-0.35966519330012,-0.911058331038839,-0.325635488288224,-0.930254019039058,-0.355460266675228,-0.962538615790033,-0.323175669924253,0.00390625,0.001953125
2,0,10,0,-0.953034857816146,-0.461891340793931,-0.95303487273215,-0.388760987743654,-0.989235203628838,-0.43933622494259,-1,-0.405746411461157,0.001953125,0.0009765625
2,1,0,9,-0.158127602845418,0.326487889483728,-0.179368507281076,0.353879911142429,-0.12299007696973,0.265847219826873,-0.168149997192333,0.311007140049476,1,0.5
2,1,1,8,-0.274452796450935,0.274452796450935,-0.299029187995015,0.299029187995015,-0.242482657302037,0.242482657302037,-0.279994854934293,0.279994854934293,1,0.75
2,1,2,7,-0.373143565039387,0.225383454425387,-0.397456813026508,0.244101962062631,-0.348912211018116,0.206055068160973,-0.382228265664713,0.239371122807571,1,0.625
2,1,3,6,-0.462045241801803,0.175819727742308,-0.485034728261201,0.188738515557807,-0.446825240340797,0.161110954626512,-0.477515003941044,0.191800718226758,0.625,0.375
2,1,4,5,-0.544216396285966,0.124592850700281,-0.565076897992373,0.132627976511698,-0.53831679494955,0.109745366378121,-0.567266479956582,0.138695051385154,0.375,0.21875
2,1,5,4,-0.608742455811122,0.0530581272120464,-0.639080490386606,0.0755329419897119,-0.624529546711902,0.0531009752833304,-0.652313604838451,0.0808850334098797,0.21875,0.125
2,1,6,3,-0.669743722375736,-0.0218288378541946,-0.707782483849018,0.0172941972084189,-0.706135011544587,-0.00815070274112717,-0.733167861007467,0.0188821467217528,0.125,0.0703125
2,1,7,2,-0.740091585209064,-0.0791640537851341,-0.771492342092703,-0.0421764296276771,-0.783529692996146,-0.0736131641467108,-0.810140097595533,-0.0470027595473237,0.0703125,0.0390625
2,1,8,1,-0.807440086159945,-0.136254028163245,-0.83020034007731,-0.102907001328478,-0.856924807253886,-0.143075192746114,-0.883398745082248,-0.116601254917752,0.0390625,0.021484375
2,1,9,0,-0.871960137182703,-0.184313415955456,-0.883570295700228,-0.164875685093409,-0.926386835853289,-0.216470307003854,-0.952997240452676,-0.189859902404467,0.021484375,0.01171875
2,2,0,8,-0.105089090358119,0.420450655275942,-0.116243008000768,0.448030862419873,-0.0877898707653934,0.373504156479679,-0.126952650498127,0.412666936212413,0.5,0.25
2,2,1,7,-0.225383454425387,0.373143565039387,-0.244101962062631,0.397456813026508,-0.206055068160973,0.348912211018116,-0.239371122807571,0.382228265664713,1,0.625
2,2,2,6,-0.327983039571809,0.327983039571809,-0.346458604101021,0.346458604101021,-0.313043764491636,0.313043764491636,-0.342922262596808,0.342922262596808,1,0.8125
2,2,3,5,-0.411525759506028,0.271787783320815,-0.437098171555924,0.294664292067647,-0.412303518637512,0.26944637578037,-0.439932315415138,0.297075172557996,1,0.6875
2,2,4,4,-0.480882693645704,0.203230765864575,-0.519920112208155,0.241798710055752,-0.505617619870103,0.219903334155817,-0.531694439653746,0.24598015393946,0.6875,0.453125
2,2,5,3,-0.563757615829369,0.153994509755953,-0.596646041297858,0.187677427925465,-0.594015487454755,0.165444058883327,-0.619000404318619,0.190428975747191,0.453125,0.2890625
2,2,6,2,-0.641992570788981,0.103131467450746,-0.668147593719481,0.132190146463306,-0.678135412158468,0.106706840729896,-0.702359962731508,0.130931391302937,0.2890625,0.1796875
2,2,7,1,-0.716198360775655,0.051868877715884,-0.734851371228428,0.0752828529885274,-0.758383537070502,0.0440978227847879,-0.782105635426106,0.0678199211403919,0.1796875,0.109375
2,2,8,0,-0.786346381023936,0.00359792845761775,-0.796884312837215,0.0169429916392228,-0.835011988651554,-0.0221308684913034,-0.85844723456156,0.00130437741870254,0.109375,0.0654296875
2,3,0,7,-0.0517663531382166,0.50462283157091,-0.053117508600344,0.532305353475782,-0.0422246789566166,0.470796107528045,-0.077941699792353,0.506513128363782,0.25,0.125
2,3,1,6,-0.175819727742308,0.462045241801803,-0.188738515557807,0.485034728261201,-0.161110954626512,0.446825240340797,-0.191800718226758,0.477515003941044,0.625,0.375
2,3,2,5,-0.271787783320815,0.411525759506028,-0.294664292067647,0.437098171555924,-0.26944637578037,0.412303518637512,-0.297075172557996,0.439932315415138,1,0.6875
2,3,3,4,-0.350543049466667,0.350543049466667,-0.388134866912485,0.388134866912486,-0.370398377266873,0.370398377266873,-0.395972521242765,0.395972521242765,1,0.84375
2,3,4,3,-0.442679374838991,0.306776032180076,-0.473550935184845,0.337903003986474,-0.465629394651375,0.322772251794233,-0.489750897783447,0.346893754926304,1,0.7265625
2,3,5,2,-0.528872475088782,0.261064537173195,-0.552821694541284,0.286256207583456,-0.556129115143564,0.270414829429278,-0.579197609436771,0.293483323722485,0.7265625,0.5078125
2,3,6,1,-0.610165990108439,0.214153264463703,-0.626930271545186,0.233117584302062,-0.642530107157179,0.21395867858575,-0.664832648270697,0.236261219699268,0.5078125,0.34375
2,3,7,0,-0.686901163352164,0.167720733515419,-0.696398032285271,0.178458116037138,-0.725251428484449,0.153822857055877,-0.747008312959358,0.175579741530787,0.34375,0.2265625
2,4,0,6,0.00347324653716891,0.581871773797136,0.0100079908233283,0.60937790595857,0.0107647963711616,0.56066377505741,-0.0228250171102713,0.594253588538843,0.125,0.0625
2,4,1,5,-0.124592850700281,0.544216396285966,-0.132627976511703,0.56507689799237,-0.109745366378121,0.53831679494955,-0.138695051385154,0.567266479956582,0.375,0.21875
2,4,2,4,-0.203230765864575,0.480882693645704,-0.241798710055752,0.519920112208155,-0.219903334155817,0.505617619870103,-0.24598015393946,0.531694439653746,0.6875,0.453125
2,4,3,3,-0.306776032180076,0.442679374838991,-0.337903003986474,0.473550935184845,-0.322772251794233,0.465629394651375,-0.346893754926304,0.489750897783447,1,0.7265625
2,4,4,2,-0.402072967387132,0.402072967387132,-0.425750849115577,0.425750849115576,-0.41999228240144,0.41999228240144,-0.442710737360401,0.442710737360401,1,0.86328125
2,4,5,1,-0.491157967436213,0.359503917307717,-0.50740523663649,0.376401926404174,-0.51255536547352,0.369698222616377,-0.534237525665407,0.391380382808264,1,0.75390625
2,4,6,0,-0.574963148990887,0.315976394308238,-0.583940635895784,0.325453696648839,-0.60110629176235,0.315392006048064,-0.622014280098951,0.336299994384666,0.75390625,0.548828125
2,5,0,5,0.0612474696909154,0.653632504448397,0.0731334902914759,0.680488687450449,0.0697459809609423,0.644539733324772,0.0374613842099674,0.676824330075747,0.0625,0.03125
2,5,1,4,-0.0530581272120464,0.608742455811122,-0.0755329419897111,0.639080490386605,-0.0531009752833304,0.624529546711902,-0.0808850334098797,0.652313604838451,0.21875,0.125
2,5,2,3,-0.153994509755953,0.563757615829369,-0.187677427925465,0.596646041297858,-0.165444058883327,0.594015487454755,-0.190428975747191,0.619000404318619,0.453125,0.2890625
2,5,3,2,-0.261064537173195,0.528872475088782,-0.286256207583456,0.552821694541284,-0.270414829429278,0.556129115143564,-0.293483323722485,0.579197609436771,0.7265625,0.5078125
2,5,4,1,-0.359503917307717,0.491157967436213,-0.376401926404174,0.507405236636489,-0.369698222616377,0.51255536547352,-0.391380382808264,0.534237525665407,1,0.75390625
2,5,5,0,-0.451344397418576,0.451344397418576,-0.460303054431926,0.460303054431927,-0.464318938523521,0.464318938523521,-0.484965314604073,0.484965314604073,1,0.876953125
2,6,0,4,0.121733080048111,0.720775829255097,0.136258989795711,0.746218402496499,0.13395844500049,0.723184412142367,0.102387293785586,0.754755563357271,0.03125,0.015625
2,6,1,3,0.0218288378541946,0.669743722375736,-0.0172941972084177,0.707782483849018,0.00815070274112717,0.706135011544587,-0.0188821467217528,0.733167861007467,0.125,0.0703125
2,6,2,2,-0.103131467450746,0.641992570788981,-0.132190146463306,0.668147593719481,-0.106706840729896,0.678135412158468,-0.130931391302937,0.702359962731508,0.2890625,0.1796875
2,6,3,1,-0.214153264463703,0.610165990108439,-0.233117584302062,0.626930271545186,-0.21395867858575,0.642530107157179,-0.236261219699268,0.664832648270697,0.5078125,0.34375
2,6,4,0,-0.315976394308238,0.574963148990887,-0.325453696648839,0.583940635895784,-0.315392006048064,0.60110629176235,-0.336299994384666,0.622014280098951,0.75390625,0.548828125
2,7,0,3,0.184758230385492,0.78400281567482,0.199384489309473,0.806739686285562,0.203020609067926,0.796979390932074,0.171676929936679,0.828323070063321,0.015625,0.00781250000000001
2,7,1,2,0.0791640537851341,0.740091585209064,0.0421764296276733,0.771492342092703,0.0736131641467108,0.783529692996146,0.0470027595473237,0.810140097595533,0.0703125,0.0390625
2,7,2,1,-0.051868877715884,0.716198360775655,-0.0752828529885275,0.734851371228427,-0.0440978227847879,0.758383537070502,-0.0678199211403919,0.782105635426106,0.1796875,0.109375
2,7,3,0,-0.167720733515419,0.686901163352164,-0.178458116037138,0.696398032285271,-0.153822857055877,0.725251428484449,-0.175579741530787,0.747008312959358,0.34375,0.2265625
2,8,0,2,0.268757605302316,0.835950186026996,0.262509988809865,0.861879926433812,0.276815587857633,0.86604155499951,0.245244436642729,0.897612706214414,0.0078125,0.00390625
2,8,1,1,0.136254028163245,0.807440086159945,0.10290700132847,0.830200340077312,0.143075192746114,0.856924807253886,0.116601254917752,0.883398745082248,0.0390625,0.021484375
2,8,2,0,-0.00359792845761775,0.786346381023936,-0.0169429916392227,0.796884312837215,0.0221308684913034,0.835011988651554,-0.00130437741870254,0.85844723456156,0.109375,0.0654296875
2,9,0,1,0.35966519330012,0.887899799512066,0.325635488288224,0.91105833103884,0.355460266675228,0.930254019039058,0.323175669924253,0.962538615790033,0.00390625,0.001953125
2,9,1,0,0.184313415955456,0.871960137182703,0.164875685093409,0.883570295700228,0.216470307003854,0.926386835853289,0.189859902404467,0.952997240452676,0.021484375,0.01171875
2,10,0,0,0.461891340793931,0.953034857816146,0.388760987743655,0.953034872732149,0.43933622494259,0.989235203628838,0.405746411461157,1,0.001953125,0.0009765625
3,0,0,9,-0.186838619412221,0.186838619412221,-0.242494006850385,0.242494006850385,-0.139997427467147,0.139997427467147,-0.197986260621382,0.197986260621382,1,0.5
3,0,1,8,-0.301711722800741,0.140963659457299,-0.353879911142429,0.179368507281076,-0.265847219826873,0.12299007696973,-0.311007140049476,0.168149997192333,1,0.5
3,0,2,7,-0.399207273709391,0.0942123263383469,-0.448030862419873,0.116243008000768,-0.373504156479679,0.0877898707653934,-0.412666936212413,0.126952650498127,0.5,0.25
3,0,3,6,-0.486720194304616,0.0446386410849147,-0.532305353475783,0.053117508600344,-0.470796107528045,0.0422246789566166,-0.506513128363782,0.077941699792353,0.25,0.125
3,0,4,5,-0.567388032729858,-0.00823596899307116,-0.60937790595857,-0.0100079908233283,-0.56066377505741,-0.0107647963711616,-0.594253588538843,0.0228250171102713,0.125,0.0625
3,0,5,4,-0.642968183015224,-0.0644130812809477,-0.680488687450449,-0.0731334902914758,-0.644539733324772,-0.0697459809609423,-0.676824330075747,-0.0374613842099674,0.0625,0.03125
3,0,6,3,-0.71474444214126,-0.123592886755246,-0.7462184024965,-0.136258989795711,-0.723184412142367,-0.13395844500049,-0.754755563357271,-0.102387293785586,0.03125,0.015625
3,0,7,2,-0.78400281567482,-0.184758230385492,-0.806739686285562,-0.199384489309473,-0.796979390932074,-0.203020609067926,-0.828323070063321,-0.171676929936679,0.015625,0.00781250000000001
3,0,8,1,-0.841674340560268,-0.275652916402746,-0.86187992643381,-0.262509988809865,-0.86604155499951,-0.276815587857633,-0.897612706214414,-0.245244436642729,0.0078125,0.00390625
3,0,9,0,-0.911058331605945,-0.377844595100831,-0.911058331038839,-0.325635488288224,-0.930254019039058,-0.355460266675228,-0.962538615790033,-0.323175669924253,0.00390625,0.001953125
3,1,0,8,-0.140963659457299,0.301711722800741,-0.179368507281076,0.353879911142429,-0.12299007696973,0.265847219826873,-0.168149997192333,0.311007140049476,1,0.5
3,1,1,7,-0.259147074980385,0.259147074980385,-0.299029187995015,0.299029187995015,-0.242482657302037,0.242482657302037,-0.279994854934293,0.279994854934293,1,0.75
3,1,2,6,-0.360699885711662,0.215424204073635,-0.397456813026508,0.244101962062631,-0.348912211018116,0.206055068160973,-0.382228265664713,0.239371122807571,1,0.625
3,1,3,5,-0.45256548643256,0.16918159842443,-0.485034728261201,0.188738515557807,-0.446825240340797,0.161110954626512,-0.477515003941044,0.191800718226758,0.625,0.375
3,1,4,4,-0.53776030306663,0.120267767181095,-0.565076897992373,0.132627976511698,-0.53831679494955,0.109745366378121,-0.567266479956582,0.138695051385154,0.375,0.21875
3,1,5,3,-0.609406548066964,0.0570526524023084,-0.639080490386606,0.0755329419897119,-0.624529546711902,0.0531009752833304,-0.652313604838451,0.0808850334098797,0.21875,0.125
3,1,6,2,-0.669743722375736,-0.0218288378541945,-0.707782483849018,0.0172941972084189,-0.706135011544587,-0.00815070274112717,-0.733167861007467,0.0188821467217528,0.125,0.0703125
3,1,7,1,-0.744593665420875,-0.0758213430614479,-0.771492342092703,-0.0421764296276771,-0.783529692996146,-0.0736131641467108,-0.810140097595533,-0.0470027595473237,0.0703125,0.0390625
3,1,8,0,-0.816130655916761,-0.121721088778218,-0.83020034007731,-0.102907001328478,-0.856924807253886,-0.143075192746114,-0.883398745082248,-0.116601254917752,0.0390625,0.021484375
3,2,0,7,-0.0942123263383469,0.399207273709391,-0.116243008000768,0.448030862419873,-0.0877898707653934,0.373504156479679,-0.126952650498127,0.412666936212413,0.5,0.25
3,2,1,6,-0.215424204073635,0.360699885711662,-0.244101962062631,0.397456813026508,-0.206055068160973,0.348912211018116,-0.239371122807571,0.382228265664713,1,0.625
3,2,2,5,-0.320425647602456,0.320425647602456,-0.346458604101021,0.346458604101021,-0.313043764491636,0.313043764491636,-0.342922262596808,0.342922262596808,1,0.8125
3,2,3,4,-0.415799722955059,0.277534454525668,-0.437098171555924,0.294664292067647,-0.412303518637512,0.26944637578037,-0.439932315415138,0.297075172557996,1,0.6875
3,2,4,3,-0.482610961010764,0.206434013178437,-0.519920112208155,0.241798710055752,-0.505617619870103,0.219903334155817,-0.531694439653746,0.24598015393946,0.6875,0.453125
3,2,5,2,-0.563757615829369,0.153994509755953,-0.596646041297858,0.187677427925465,-0.594015487454755,0.165444058883327,-0.619000404318619,0.190428975747191,0.453125,0.2890625
3,2,6,1,-0.644651124630865,0.105880083201042,-0.668147593719481,0.132190146463306,-0.678135412158468,0.106706840729896,-0.702359962731508,0.130931391302937,0.2890625,0.1796875
3,2,7,0,-0.720870565245446,0.0601200696332757,-0.734851371228428,0.0752828529885274,-0.758383537070502,0.0440978227847879,-0.782105635426106,0.0678199211403919,0.1796875,0.109375
3,3,0,6,-0.0446386410849147,0.486720194304616,-0.053117508600344,0.532305353475782,-0.0422246789566166,0.470796107528045,-0.077941699792353,0.506513128363782,0.25,0.125
3,3,1,5,-0.16918159842443,0.45256548643256,-0.188738515557807,0.485034728261201,-0.161110954626512,0.446825240340797,-0.191800718226758,0.477515003941044,0.625,0.375
3,3,2,4,-0.277534454525668,0.415799722955059,-0.294664292067647,0.437098171555924,-0.26944637578037,0.412303518637512,-0.297075172557996,0.439932315415138,1,0.6875
3,3,3,3,-0.348205403932249,0.348205403932249,-0.388134866912485,0.388134866912486,-0.370398377266873,0.370398377266873,-0.395972521242765,0.395972521242765,1,0.84375
3,3,4,2,-0.442679374838991,0.306776032180076,-0.473550935184845,0.337903003986474,-0.465629394651375,0.322772251794233,-0.489750897783447,0.346893754926304,1,0.7265625
3,3,5,1,-0.530972670658382,0.263314981139626,-0.552821694541284,0.286256207583456,-0.556129115143564,0.270414829429278,-0.579197609436771,0.293483323722485,0.7265625,0.5078125
3,3,6,0,-0.613804266084565,0.219661171759876,-0.626930271545186,0.233117584302062,-0.642530107157179,0.21395867858575,-0.664832648270697,0.236261219699268,0.5078125,0.34375
3,4,0,5,0.00823596899307116,0.567388032729858,0.0100079908233283,0.60937790595857,0.0107647963711616,0.56066377505741,-0.0228250171102713,0.594253588538843,0.125,0.0625
3,4,1,4,-0.120267767181095,0.53776030306663,-0.132627976511703,0.56507689799237,-0.109745366378121,0.53831679494955,-0.138695051385154,0.567266479956582,0.375,0.21875
3,4,2,3,-0.206434013178437,0.482610961010764,-0.241798710055752,0.519920112208155,-0.219903334155817,0.505617619870103,-0.24598015393946,0.531694439653746,0.6875,0.453125
3,4,3,2,-0.306776032180076,0.442679374838991,-0.337903003986474,0.473550935184845,-0.322772251794233,0.465629394651375,-0.346893754926304,0.489750897783447,1,0.7265625
3,4,4,1,-0.404099118169371,0.404099118169371,-0.425750849115577,0.425750849115576,-0.41999228240144,0.41999228240144,-0.442710737360401,0.442710737360401,1,0.86328125
3,4,5,0,-0.494753309798841,0.363679966430909,-0.50740523663649,0.376401926404174,-0.51255536547352,0.369698222616377,-0.534237525665407,0.391380382808264,1,0.75390625
3,5,0,4,0.0644130812809477,0.642968183015224,0.0731334902914759,0.680488687450449,0.0697459809609423,0.644539733324772,0.0374613842099674,0.676824330075747,0.0625,0.03125
3,5,1,3,-0.0570526524023084,0.609406548066964,-0.0755329419897111,0.639080490386605,-0.0531009752833304,0.624529546711902,-0.0808850334098797,0.652313604838451,0.21875,0.125
3,5,2,2,-0.153994509755953,0.563757615829369,-0.187677427925465,0.596646041297858,-0.165444058883327,0.594015487454755,-0.190428975747191,0.619000404318619,0.453125,0.2890625
3,5,3,1,-0.263314981139626,0.530972670658382,-0.286256207583456,0.552821694541284,-0.270414829429278,0.556129115143564,-0.293483323722485,0.579197609436771,0.7265625,0.5078125
3,5,4,0,-0.363679966430909,0.494753309798841,-0.376401926404174,0.507405236636489,-0.369698222616377,0.51255536547352,-0.391380382808264,0.534237525665407,1,0.75390625
3,6,0,3,0.123592886755246,0.71474444214126,0.136258989795711,0.746218402496499,0.13395844500049,0.723184412142367,0.102387293785586,0.754755563357271,0.03125,0.015625
3,6,1,2,0.0218288378541945,0.669743722375736,-0.0172941972084177,0.707782483849018,0.00815070274112717,0.706135011544587,-0.0188821467217528,0.733167861007467,0.125,0.0703125
3,6,2,1,-0.105880083201042,0.644651124630865,-0.132190146463306,0.668147593719481,-0.106706840729896,0.678135412158468,-0.130931391302937,0.702359962731508,0.2890625,0.1796875
3,6,3,0,-0.219661171759876,0.613804266084565,-0.233117584302062,0.626930271545186,-0.21395867858575,0.642530107157179,-0.236261219699268,0.664832648270697,0.5078125,0.34375
3,7,0,2,0.184758230385492,0.78400281567482,0.199384489309473,0.806739686285562,0.203020609067926,0.796979390932074,0.171676929936679,0.828323070063321,0.015625,0.00781250000000001
3,7,1,1,0.0758213430614479,0.744593665420875,0.0421764296276733,0.771492342092703,0.0736131641467108,0.783529692996146,0.0470027595473237,0.810140097595533,0.0703125,0.0390625
3,7,2,0,-0.0601200696332757,0.720870565245446,-0.0752828529885275,0.734851371228427,-0.0440978227847879,0.758383537070502,-0.0678199211403919,0.782105635426106,0.1796875,0.109375
3,8,0,1,0.275652916402746,0.841674340560268,0.262509988809865,0.861879926433812,0.276815587857633,0.86604155499951,0.245244436642729,0.897612706214414,0.0078125,0.00390625
3,8,1,0,0.121721088778218,0.816130655916761,0.10290700132847,0.830200340077312,0.143075192746114,0.856924807253886,0.116601254917752,0.883398745082248,0.0390625,0.021484375
3,9,0,0,0.377844595100831,0.911058331605945,0.325635488288224,0.91105833103884,0.355460266675228,0.930254019039058,0.323175669924253,0.962538615790033,0.00390625,0.001953125
4,0,0,8,-0.163528403328033,0.163528403328033,-0.242494006850385,0.242494006850385,-0.139997427467147,0.139997427467147,-0.197986260621382,0.197986260621382,1,0.5
4,0,1,7,-0.283329651588408,0.128869721672997,-0.353879911142429,0.179368507281076,-0.265847219826873,0.12299007696973,-0.311007140049476,0.168149997192333,1,0.5
4,0,2,6,-0.38518664792607,0.0877620076365438,-0.448030862419873,0.116243008000768,-0.373504156479679,0.0877898707653934,-0.412666936212413,0.126952650498127,0.5,0.25
4,0,3,5,-0.477002848178467,0.0413271879071959,-0.532305353475783,0.053117508600344,-0.470796107528045,0.0422246789566166,-0.506513128363782,0.077941699792353,0.25,0.125
4,0,4,4,-0.562241150318001,-0.00964237380879357,-0.60937790595857,-0.0100079908233283,-0.56066377505741,-0.0107647963711616,-0.594253588538843,0.0228250171102713,0.125,0.0625
4,0,5,3,-0.642968183015225,-0.0644130812809476,-0.680488687450449,-0.0731334902914758,-0.644539733324772,-0.0697459809609423,-0.676824330075747,-0.0374613842099674,0.0625,0.03125
4,0,6,2,-0.720775829255097,-0.121733080048111,-0.7462184024965,-0.136258989795711,-0.723184412142367,-0.13395844500049,-0.754755563357271,-0.102387293785586,0.03125,0.015625
4,0,7,1,-0.790205539510575,-0.196815468684237,-0.806739686285562,-0.199384489309473,-0.796979390932074,-0.203020609067926,-0.828323070063321,-0.171676929936679,0.015625,0.00781250000000001
4,0,8,0,-0.861879908908787,-0.299237827034955,-0.86187992643381,-0.262509988809865,-0.86604155499951,-0.276815587857633,-0.897612706214414,-0.245244436642729,0.0078125,0.00390625
4,1,0,7,-0.128869721672997,0.283329651588408,-0.179368507281076,0.353879911142429,-0.12299007696973,0.265847219826873,-0.168149997192333,0.311007140049476,1,0.5
4,1,1,6,-0.249513382137271,0.249513382137271,-0.299029187995015,0.299029187995015,-0.242482657302037,0.242482657302037,-0.279994854934293,0.279994854934293,1,0.75
4,1,2,5,-0.354151622214907,0.21044557472543,-0.397456813026508,0.244101962062631,-0.348912211018116,0.206055068160973,-0.382228265664713,0.239371122807571,1,0.625
4,1,3,4,-0.449255834369309,0.167044726367348,-0.485034728261201,0.188738515557807,-0.446825240340797,0.161110954626512,-0.477515003941044,0.191800718226758,0.625,0.375
4,1,4,3,-0.53776030306663,0.120267767181095,-0.565076897992373,0.132627976511698,-0.53831679494955,0.109745366378121,-0.567266479956582,0.138695051385154,0.375,0.21875
4,1,5,2,-0.608742455811122,0.0530581272120466,-0.639080490386606,0.0755329419897119,-0.624529546711902,0.0531009752833304,-0.652313604838451,0.0808850334098797,0.21875,0.125
4,1,6,1,-0.677974676788645,-0.0166786655677476,-0.707782483849018,0.0172941972084189,-0.706135011544587,-0.00815070274112717,-0.733167861007467,0.0188821467217528,0.125,0.0703125
4,1,7,0,-0.755953624797821,-0.0598581797960396,-0.771492342092703,-0.0421764296276771,-0.783529692996146,-0.0736131641467108,-0.810140097595533,-0.0470027595473237,0.0703125,0.0390625
4,2,0,6,-0.0877620076365438,0.38518664792607,-0.116243008000768,0.448030862419873,-0.0877898707653934,0.373504156479679,-0.126952650498127,0.412666936212413,0.5,0.25
4,2,1,5,-0.21044557472543,0.354151622214907,-0.244101962062631,0.397456813026508,-0.206055068160973,0.348912211018116,-0.239371122807571,0.382228265664713,1,0.625
4,2,2,4,-0.317866590631484,0.317866590631484,-0.346458604101021,0.346458604101021,-0.313043764491636,0.313043764491636,-0.342922262596808,0.342922262596808,1,0.8125
4,2,3,3,-0.415799722955059,0.277534454525668,-0.437098171555924,0.294664292067647,-0.412303518637512,0.26944637578037,-0.439932315415138,0.297075172557996,1,0.6875
4,2,4,2,-0.480882693645704,0.203230765864575,-0.519920112208155,0.241798710055752,-0.505617619870103,0.219903334155817,-0.531694439653746,0.24598015393946,0.6875,0.453125
4,2,5,1,-0.569102971733959,0.158746548956027,-0.596646041297858,0.187677427925465,-0.594015487454755,0.165444058883327,-0.619000404318619,0.190428975747191,0.453125,0.2890625
4,2,6,0,-0.651630611212992,0.115835435553009,-0.668147593719481,0.132190146463306,-0.678135412158468,0.106706840729896,-0.702359962731508,0.130931391302937,0.2890625,0.1796875
4,3,0,5,-0.0413271879071959,0.477002848178467,-0.053117508600344,0.532305353475782,-0.0422246789566166,0.470796107528045,-0.077941699792353,0.506513128363782,0.25,0.125
4,3,1,4,-0.167044726367348,0.449255834369309,-0.188738515557807,0.485034728261201,-0.161110954626512,0.446825240340797,-0.191800718226758,0.477515003941044,0.625,0.375
4,3,2,3,-0.277534454525668,0.415799722955059,-0.294664292067647,0.437098171555924,-0.26944637578037,0.412303518637512,-0.297075172557996,0.439932315415138,1,0.6875
4,3,3,2,-0.350543049466667,0.350543049466667,-0.388134866912485,0.388134866912486,-0.370398377266873,0.370398377266873,-0.395972521242765,0.395972521242765,1,0.84375
4,3,4,1,-0.447108978439247,0.311121937340871,-0.473550935184845,0.337903003986474,-0.465629394651375,0.322772251794233,-0.489750897783447,0.346893754926304,1,0.7265625
4,3,5,0,-0.536813334538283,0.270546727914498,-0.552821694541284,0.286256207583456,-0.556129115143564,0.270414829429278,-0.579197609436771,0.293483323722485,0.7265625,0.5078125
4,4,0,4,0.00964237380879357,0.562241150318001,0.0100079908233283,0.60937790595857,0.0107647963711616,0.56066377505741,-0.0228250171102713,0.594253588538843,0.125,0.0625
4,4,1,3,-0.120267767181095,0.53776030306663,-0.132627976511703,0.56507689799237,-0.109745366378121,0.53831679494955,-0.138695051385154,0.567266479956582,0.375,0.21875
4,4,2,2,-0.203230765864575,0.480882693645704,-0.241798710055752,0.519920112208155,-0.219903334155817,0.505617619870103,-0.24598015393946,0.531694439653746,0.6875,0.453125
4,4,3,1,-0.311121937340871,0.447108978439247,-0.337903003986474,0.473550935184845,-0.322772251794233,0.465629394651375,-0.346893754926304,0.489750897783447,1,0.7265625
4,4,4,0,-0.41011751475714,0.41011751475714,-0.425750849115577,0.425750849115576,-0.41999228240144,0.41999228240144,-0.442710737360401,0.442710737360401,1,0.86328125
4,5,0,3,0.0644130812809476,0.642968183015225,0.0731334902914759,0.680488687450449,0.0697459809609423,0.644539733324772,0.0374613842099674,0.676824330075747,0.0625,0.03125
4,5,1,2,-0.0530581272120466,0.608742455811122,-0.0755329419897111,0.639080490386605,-0.0531009752833304,0.624529546711902,-0.0808850334098797,0.652313604838451,0.21875,0.125
4,5,2,1,-0.158746548956027,0.569102971733959,-0.187677427925465,0.596646041297858,-0.165444058883327,0.594015487454755,-0.190428975747191,0.619000404318619,0.453125,0.2890625
4,5,3,0,-0.270546727914498,0.536813334538283,-0.286256207583456,0.552821694541284,-0.270414829429278,0.556129115143564,-0.293483323722485,0.579197609436771,0.7265625,0.5078125
4,6,0,2,0.121733080048111,0.720775829255097,0.136258989795711,0.746218402496499,0.13395844500049,0.723184412142367,0.102387293785586,0.754755563357271,0.03125,0.015625
4,6,1,1,0.0166786655677476,0.677974676788645,-0.0172941972084177,0.707782483849018,0.00815070274112717,0.706135011544587,-0.0188821467217528,0.733167861007467,0.125,0.0703125
4,6,2,0,-0.115835435553009,0.651630611212992,-0.132190146463306,0.668147593719481,-0.106706840729896,0.678135412158468,-0.130931391302937,0.702359962731508,0.2890625,0.1796875
4,7,0,1,0.196815468684237,0.790205539510575,0.199384489309473,0.806739686285562,0.203020609067926,0.796979390932074,0.171676929936679,0.828323070063321,0.015625,0.00781250000000001
4,7,1,0,0.0598581797960396,0.755953624797821,0.0421764296276733,0.771492342092703,0.0736131641467108,0.783529692996146,0.0470027595473237,0.810140097595533,0.0703125,0.0390625
4,8,0,0,0.299237827034955,0.861879908908787,0.262509988809865,0.861879926433812,0.276815587857633,0.86604155499951,0.245244436642729,0.897612706214414,0.0078125,0.00390625
5,0,0,7,-0.147787888846504,0.147787888846504,-0.242494006850385,0.242494006850385,-0.139997427467147,0.139997427467147,-0.197986260621382,0.197986260621382,1,0.5
5,0,1,6,-0.273467998656051,0.122546566914721,-0.353879911142429,0.179368507281076,-0.265847219826873,0.12299007696973,-0.311007140049476,0.168149997192333,1,0.5
5,0,2,5,-0.380283998364357,0.0855954349438863,-0.448030862419873,0.116243008000768,-0.373504156479679,0.0877898707653934,-0.412666936212413,0.126952650498127,0.5,0.25
5,0,3,4,-0.477002848178467,0.041327187907196,-0.532305353475783,0.053117508600344,-0.470796107528045,0.0422246789566166,-0.506513128363782,0.077941699792353,0.25,0.125
5,0,4,3,-0.567388032729858,-0.00823596899307105,-0.60937790595857,-0.0100079908233283,-0.56066377505741,-0.0107647963711616,-0.594253588538843,0.0228250171102713,0.125,0.0625
5,0,5,2,-0.653632504448397,-0.0612474696909153,-0.680488687450449,-0.0731334902914758,-0.644539733324772,-0.0697459809609423,-0.676824330075747,-0.0374613842099674,0.0625,0.03125
5,0,6,1,-0.733662787594117,-0.122114422855354,-0.7462184024965,-0.136258989795711,-0.723184412142367,-0.13395844500049,-0.754755563357271,-0.102387293785586,0.03125,0.015625
5,0,7,0,-0.806739686341243,-0.22499633843307,-0.806739686285562,-0.199384489309473,-0.796979390932074,-0.203020609067926,-0.828323070063321,-0.171676929936679,0.015625,0.00781250000000001
5,1,0,6,-0.122546566914721,0.273467998656051,-0.179368507281076,0.353879911142429,-0.12299007696973,0.265847219826873,-0.168149997192333,0.311007140049476,1,0.5
5,1,1,5,-0.246218402366294,0.246218402366294,-0.299029187995015,0.299029187995015,-0.242482657302037,0.242482657302037,-0.279994854934293,0.279994854934293,1,0.75
5,1,2,4,-0.354151622214907,0.21044557472543,-0.397456813026508,0.244101962062631,-0.348912211018116,0.206055068160973,-0.382228265664713,0.239371122807571,1,0.625
5,1,3,3,-0.45256548643256,0.16918159842443,-0.485034728261201,0.188738515557807,-0.446825240340797,0.161110954626512,-0.477515003941044,0.191800718226758,0.625,0.375
5,1,4,2,-0.544216396285966,0.124592850700281,-0.565076897992373,0.132627976511698,-0.53831679494955,0.109745366378121,-0.567266479956582,0.138695051385154,0.375,0.21875
5,1,5,1,-0.607106883237848,0.0405507559533594,-0.639080490386606,0.0755329419897119,-0.624529546711902,0.0531009752833304,-0.652313604838451,0.0808850334098797,0.21875,0.125
5,1,6,0,-0.691397885433331,0.000452539511834715,-0.707782483849018,0.0172941972084189,-0.706135011544587,-0.00815070274112717,-0.733167861007467,0.0188821467217528,0.125,0.0703125
5,2,0,5,-0.0855954349438863,0.380283998364357,-0.116243008000768,0.448030862419873,-0.0877898707653934,0.373504156479679,-0.126952650498127,0.412666936212413,0.5,0.25
5,2,1,4,-0.21044557472543,0.354151622214907,-0.244101962062631,0.397456813026508,-0.206055068160973,0.348912211018116,-0.239371122807571,0.382228265664713,1,0.625
5,2,2,3,-0.320425647602456,0.320425647602456,-0.346458604101021,0.346458604101021,-0.313043764491636,0.313043764491636,-0.342922262596808,0.342922262596808,1,0.8125
5,2,3,2,-0.411525759506028,0.271787783320815,-0.437098171555924,0.294664292067647,-0.412303518637512,0.26944637578037,-0.439932315415138,0.297075172557996,1,0.6875
5,2,4,1,-0.488901343589241,0.210051359232327,-0.519920112208155,0.241798710055752,-0.505617619870103,0.219903334155817,-0.531694439653746,0.24598015393946,0.6875,0.453125
5,2,5,0,-0.578333173293378,0.170229467870926,-0.596646041297858,0.187677427925465,-0.594015487454755,0.165444058883327,-0.619000404318619,0.190428975747191,0.453125,0.2890625
5,3,0,4,-0.041327187907196,0.477002848178467,-0.053117508600344,0.532305353475782,-0.0422246789566166,0.470796107528045,-0.077941699792353,0.506513128363782,0.25,0.125
5,3,1,3,-0.16918159842443,0.45256548643256,-0.188738515557807,0.485034728261201,-0.161110954626512,0.446825240340797,-0.191800718226758,0.477515003941044,0.625,0.375
5,3,2,2,-0.271787783320815,0.411525759506028,-0.294664292067647,0.437098171555924,-0.26944637578037,0.412303518637512,-0.297075172557996,0.439932315415138,1,0.6875
5,3,3,1,-0.3574642753265,0.3574642753265,-0.388134866912485,0.388134866912486,-0.370398377266873,0.370398377266873,-0.395972521242765,0.395972521242765,1,0.84375
5,3,4,0,-0.455410266942798,0.320153253987453,-0.473550935184845,0.337903003986474,-0.465629394651375,0.322772251794233,-0.489750897783447,0.346893754926304,1,0.7265625
5,4,0,3,0.00823596899307105,0.567388032729858,0.0100079908233283,0.60937790595857,0.0107647963711616,0.56066377505741,-0.0228250171102713,0.594253588538843,0.125,0.0625
5,4,1,2,-0.124592850700281,0.544216396285966,-0.132627976511703,0.56507689799237,-0.109745366378121,0.53831679494955,-0.138695051385154,0.567266479956582,0.375,0.21875
5,4,2,1,-0.210051359232327,0.488901343589241,-0.241798710055752,0.519920112208155,-0.219903334155817,0.505617619870103,-0.24598015393946,0.531694439653746,0.6875,0.453125
5,4,3,0,-0.320153253987453,0.455410266942798,-0.337903003986474,0.473550935184845,-0.322772251794233,0.465629394651375,-0.346893754926304,0.489750897783447,1,0.7265625
5,5,0,2,0.0612474696909153,0.653632504448397,0.0731334902914759,0.680488687450449,0.0697459809609423,0.644539733324772,0.0374613842099674,0.676824330075747,0.0625,0.03125
5,5,1,1,-0.0405507559533594,0.607106883237848,-0.0755329419897111,0.639080490386605,-0.0531009752833304,0.624529546711902,-0.0808850334098797,0.652313604838451,0.21875,0.125
5,5,2,0,-0.170229467870926,0.578333173293378,-0.187677427925465,0.596646041297858,-0.165444058883327,0.594015487454755,-0.190428975747191,0.619000404318619,0.453125,0.2890625
5,6,0,1,0.122114422855354,0.733662787594117,0.136258989795711,0.746218402496499,0.13395844500049,0.723184412142367,0.102387293785586,0.754755563357271,0.03125,0.015625
5,6,1,0,-0.000452539511834715,0.691397885433331,-0.0172941972084177,0.707782483849018,0.00815070274112717,0.706135011544587,-0.0188821467217528,0.733167861007467,0.125,0.0703125
5,7,0,0,0.22499633843307,0.806739686341243,0.199384489309473,0.806739686285562,0.203020609067926,0.796979390932074,0.171676929936679,0.828323070063321,0.015625,0.00781250000000001
6,0,0,6,-0.142154260885619,0.142154260885619,-0.242494006850385,0.242494006850385,-0.139997427467147,0.139997427467147,-0.197986260621382,0.197986260621382,1,0.5
6,0,1,5,-0.273467998656051,0.122546566914721,-0.353879911142429,0.179368507281076,-0.265847219826873,0.12299007696973,-0.311007140049476,0.168149997192333,1,0.5
6,0,2,4,-0.38518664792607,0.0877620076365438,-0.448030862419873,0.116243008000768,-0.373504156479679,0.0877898707653934,-0.412666936212413,0.126952650498127,0.5,0.25
6,0,3,3,-0.486720194304616,0.0446386410849148,-0.532305353475783,0.053117508600344,-0.470796107528045,0.0422246789566166,-0.506513128363782,0.077941699792353,0.25,0.125
6,0,4,2,-0.581871773797136,-0.00347324653716885,-0.60937790595857,-0.0100079908233283,-0.56066377505741,-0.0107647963711616,-0.594253588538843,0.0228250171102713,0.125,0.0625
6,0,5,1,-0.672227621050878,-0.0508539380372308,-0.680488687450449,-0.0731334902914758,-0.644539733324772,-0.0697459809609423,-0.676824330075747,-0.0374613842099674,0.0625,0.03125
6,0,6,0,-0.746218402366294,-0.154418106771315,-0.7462184024965,-0.136258989795711,-0.723184412142367,-0.13395844500049,-0.754755563357271,-0.102387293785586,0.03125,0.015625
6,1,0,5,-0.122546566914721,0.273467998656051,-0.179368507281076,0.353879911142429,-0.12299007696973,0.265847219826873,-0.168149997192333,0.311007140049476,1,0.5
6,1,1,4,-0.249513382137271,0.249513382137271,-0.299029187995015,0.299029187995015,-0.242482657302037,0.242482657302037,-0.279994854934293,0.279994854934293,1,0.75
6,1,2,3,-0.360699885711662,0.215424204073635,-0.397456813026508,0.244101962062631,-0.348912211018116,0.206055068160973,-0.382228265664713,0.239371122807571,1,0.625
6,1,3,2,-0.462045241801803,0.175819727742309,-0.485034728261201,0.188738515557807,-0.446825240340797,0.161110954626512,-0.477515003941044,0.191800718226758,0.625,0.375
6,1,4,1,-0.539707634718087,0.109271776128079,-0.565076897992373,0.132627976511698,-0.53831679494955,0.109745366378121,-0.567266479956582,0.138695051385154,0.375,0.21875
6,1,5,0,-0.622289963865085,0.0589801322917241,-0.639080490386606,0.0755329419897119,-0.624529546711902,0.0531009752833304,-0.652313604838451,0.0808850334098797,0.21875,0.125
6,2,0,4,-0.0877620076365438,0.38518664792607,-0.116243008000768,0.448030862419873,-0.0877898707653934,0.373504156479679,-0.126952650498127,0.412666936212413,0.5,0.25
6,2,1,3,-0.215424204073635,0.360699885711662,-0.244101962062631,0.397456813026508,-0.206055068160973,0.348912211018116,-0.239371122807571,0.382228265664713,1,0.625
6,2,2,2,-0.327983039571809,0.327983039571809,-0.346458604101021,0.346458604101021,-0.313043764491636,0.313043764491636,-0.342922262596808,0.342922262596808,1,0.8125
6,2,3,1,-0.402927443274498,0.259893285795535,-0.437098171555924,0.294664292067647,-0.412303518637512,0.26944637578037,-0.439932315415138,0.297075172557996,1,0.6875
6,2,4,0,-0.500473893532234,0.22322086035543,-0.519920112208155,0.241798710055752,-0.505617619870103,0.219903334155817,-0.531694439653746,0.24598015393946,0.6875,0.453125
6,3,0,3,-0.0446386410849148,0.486720194304616,-0.053117508600344,0.532305353475782,-0.0422246789566166,0.470796107528045,-0.077941699792353,0.506513128363782,0.25,0.125
6,3,1,2,-0.175819727742309,0.462045241801803,-0.188738515557807,0.485034728261201,-0.161110954626512,0.446825240340797,-0.191800718226758,0.477515003941044,0.625,0.375
6,3,2,1,-0.259893285795535,0.402927443274498,-0.294664292067647,0.437098171555924,-0.26944637578037,0.412303518637512,-0.297075172557996,0.439932315415138,1,0.6875
6,3,3,0,-0.368711051019017,0.368711051019017,-0.388134866912485,0.388134866912486,-0.370398377266873,0.370398377266873,-0.395972521242765,0.395972521242765,1,0.84375
6,4,0,2,0.00347324653716885,0.581871773797136,0.0100079908233283,0.60937790595857,0.0107647963711616,0.56066377505741,-0.0228250171102713,0.594253588538843,0.125,0.0625
6,4,1,1,-0.109271776128079,0.539707634718087,-0.132627976511703,0.56507689799237,-0.109745366378121,0.53831679494955,-0.138695051385154,0.567266479956582,0.375,0.21875
6,4,2,0,-0.22322086035543,0.500473893532234,-0.241798710055752,0.519920112208155,-0.219903334155817,0.505617619870103,-0.24598015393946,0.531694439653746,0.6875,0.453125
6,5,0,1,0.0508539380372308,0.672227621050878,0.0731334902914759,0.680488687450449,0.0697459809609423,0.644539733324772,0.0374613842099674,0.676824330075747,0.0625,0.03125
6,5,1,0,-0.0589801322917241,0.622289963865085,-0.0755329419897111,0.639080490386605,-0.0531009752833304,0.624529546711902,-0.0808850334098797,0.652313604838451,0.21875,0.125
6,6,0,0,0.154418106771315,0.746218402366294,0.136258989795711,0.746218402496499,0.13395844500049,0.723184412142367,0.102387293785586,0.754755563357271,0.03125,0.015625
7,0,0,5,-0.147787888846504,0.147787888846504,-0.242494006850385,0.242494006850385,-0.139997427467147,0.139997427467147,-0.197986260621382,0.197986260621382,1,0.5
7,0,1,4,-0.283329651588408,0.128869721672998,-0.353879911142429,0.179368507281076,-0.265847219826873,0.12299007696973,-0.311007140049476,0.168149997192333,1,0.5
7,0,2,3,-0.399207273709391,0.094212326338347,-0.448030862419873,0.116243008000768,-0.373504156479679,0.0877898707653934,-0.412666936212413,0.126952650498127,0.5,0.25
7,0,3,2,-0.50462283157091,0.0517663531382168,-0.532305353475783,0.053117508600344,-0.470796107528045,0.0422246789566166,-0.506513128363782,0.077941699792353,0.25,0.125
7,0,4,1,-0.602496412534818,0.00863895813369331,-0.60937790595857,-0.0100079908233283,-0.56066377505741,-0.0107647963711616,-0.594253588538843,0.0228250171102713,0.125,0.0625
7,0,5,0,-0.68048868745045,-0.0869489967913522,-0.680488687450449,-0.0731334902914758,-0.644539733324772,-0.0697459809609423,-0.676824330075747,-0.0374613842099674,0.0625,0.03125
7,1,0,4,-0.128869721672998,0.283329651588408,-0.179368507281076,0.353879911142429,-0.12299007696973,0.265847219826873,-0.168149997192333,0.311007140049476,1,0.5
7,1,1,3,-0.259147074980385,0.259147074980385,-0.299029187995015,0.299029187995015,-0.242482657302037,0.242482657302037,-0.279994854934293,0.279994854934293,1,0.75
7,1,2,2,-0.373143565039387,0.225383454425387,-0.397456813026508,0.244101962062631,-0.348912211018116,0.206055068160973,-0.382228265664713,0.239371122807571,1,0.625
7,1,3,1,-0.467547147743296,0.175786279742924,-0.485034728261201,0.188738515557807,-0.446825240340797,0.161110954626512,-0.477515003941044,0.191800718226758,0.625,0.375
7,1,4,0,-0.548240872024863,0.115819276529549,-0.565076897992373,0.132627976511698,-0.53831679494955,0.109745366378121,-0.567266479956582,0.138695051385154,0.375,0.21875
7,2,0,3,-0.094212326338347,0.399207273709391,-0.116243008000768,0.448030862419873,-0.0877898707653934,0.373504156479679,-0.126952650498127,0.412666936212413,0.5,0.25
7,2,1,2,-0.225383454425387,0.373143565039387,-0.244101962062631,0.397456813026508,-0.206055068160973,0.348912211018116,-0.239371122807571,0.382228265664713,1,0.625
7,2,2,1,-0.325017058493309,0.325017058493309,-0.346458604101021,0.346458604101021,-0.313043764491636,0.313043764491636,-0.342922262596808,0.342922262596808,1,0.8125
7,2,3,0,-0.417212153498443,0.275144982965255,-0.437098171555924,0.294664292067647,-0.412303518637512,0.26944637578037,-0.439932315415138,0.297075172557996,1,0.6875
7,3,0,2,-0.0517663531382168,0.50462283157091,-0.053117508600344,0.532305353475782,-0.0422246789566166,0.470796107528045,-0.077941699792353,0.506513128363782,0.25,0.125
7,3,1,1,-0.175786279742924,0.467547147743296,-0.188738515557807,0.485034728261201,-0.161110954626512,0.446825240340797,-0.191800718226758,0.477515003941044,0.625,0.375
7,3,2,0,-0.275144982965255,0.417212153498443,-0.294664292067647,0.437098171555924,-0.26944637578037,0.412303518637512,-0.297075172557996,0.439932315415138,1,0.6875
7,4,0,1,-0.00863895813369331,0.602496412534818,0.0100079908233283,0.60937790595857,0.0107647963711616,0.56066377505741,-0.0228250171102713,0.594253588538843,0.125,0.0625
7,4,1,0,-0.115819276529549,0.548240872024863,-0.132627976511703,0.56507689799237,-0.109745366378121,0.53831679494955,-0.138695051385154,0.567266479956582,0.375,0.21875
7,5,0,0,0.0869489967913522,0.68048868745045,0.0731334902914759,0.680488687450449,0.0697459809609423,0.644539733324772,0.0374613842099674,0.676824330075747,0.0625,0.03125
8,0,0,4,-0.163528403328033,0.163528403328033,-0.242494006850385,0.242494006850385,-0.139997427467147,0.139997427467147,-0.197986260621382,0.197986260621382,1,0.5
8,0,1,3,-0.301711722800742,0.1409636594573,-0.353879911142429,0.179368507281076,-0.265847219826873,0.12299007696973,-0.311007140049476,0.168149997192333,1,0.5
8,0,2,2,-0.420450655275943,0.105089090358119,-0.448030862419873,0.116243008000768,-0.373504156479679,0.0877898707653934,-0.412666936212413,0.126952650498127,0.5,0.25
8,0,3,1,-0.52723447500979,0.0662967270222287,-0.532305353475783,0.053117508600344,-0.470796107528045,0.0422246789566166,-0.506513128363782,0.077941699792353,0.25,0.125
8,0,4,0,-0.6093779111272,-0.0220271284314834,-0.60937790595857,-0.0100079908233283,-0.56066377505741,-0.0107647963711616,-0.594253588538843,0.0228250171102713,0.125,0.0625
8,1,0,3,-0.1409636594573,0.301711722800742,-0.179368507281076,0.353879911142429,-0.12299007696973,0.265847219826873,-0.168149997192333,0.311007140049476,1,0.5
8,1,1,2,-0.274452796450935,0.274452796450935,-0.299029187995015,0.299029187995015,-0.242482657302037,0.242482657302037,-0.279994854934293,0.279994854934293,1,0.75
8,1,2,1,-0.389967899381361,0.240866599944914,-0.397456813026508,0.244101962062631,-0.348912211018116,0.206055068160973,-0.382228265664713,0.239371122807571,1,0.625
8,1,3,0,-0.468517090195851,0.171424563720386,-0.485034728261201,0.188738515557807,-0.446825240340797,0.161110954626512,-0.477515003941044,0.191800718226758,0.625,0.375
8,2,0,2,-0.105089090358119,0.420450655275943,-0.116243008000768,0.448030862419873,-0.0877898707653934,0.373504156479679,-0.126952650498127,0.412666936212413,0.5,0.25
8,2,1,1,-0.240866599944914,0.389967899381361,-0.244101962062631,0.397456813026508,-0.206055068160973,0.348912211018116,-0.239371122807571,0.382228265664713,1,0.625
8,2,2,0,-0.327056806656066,0.327056806656066,-0.346458604101021,0.346458604101021,-0.313043764491636,0.313043764491636,-0.342922262596808,0.342922262596808,1,0.8125
8,3,0,1,-0.0662967270222287,0.52723447500979,-0.053117508600344,0.532305353475782,-0.0422246789566166,0.470796107528045,-0.077941699792353,0.506513128363782,0.25,0.125
8,3,1,0,-0.171424563720386,0.468517090195851,-0.188738515557807,0.485034728261201,-0.161110954626512,0.446825240340797,-0.191800718226758,0.477515003941044,0.625,0.375
8,4,0,0,0.0220271284314834,0.6093779111272,0.0100079908233283,0.60937790595857,0.0107647963711616,0.56066377505741,-0.0228250171102713,0.594253588538843,0.125,0.0625
9,0,0,3,-0.186838619412221,0.186838619412221,-0.242494006850385,0.242494006850385,-0.139997427467147,0.139997427467147,-0.197986260621382,0.197986260621382,1,0.5
9,0,1,2,-0.326487889483728,0.158127602845418,-0.353879911142429,0.179368507281076,-0.265847219826873,0.12299007696973,-0.311007140049476,0.168149997192333,1,0.5
9,0,2,1,-0.445332641559682,0.123100125464102,-0.448030862419873,0.116243008000768,-0.373504156479679,0.0877898707653934,-0.412666936212413,0.126952650498127,0.5,0.25
9,0,3,0,-0.532305334933566,0.0411067320475474,-0.532305353475783,0.053117508600344,-0.470796107528045,0.0422246789566166,-0.506513128363782,0.077941699792353,0.25,0.125
9,1,0,2,-0.158127602845418,0.326487889483728,-0.179368507281076,0.353879911142429,-0.12299007696973,0.265847219826873,-0.168149997192333,0.311007140049476,1,0.5
9,1,1,1,-0.294547654704849,0.294547654704849,-0.299029187995015,0.299029187995015,-0.242482657302037,0.242482657302037,-0.279994854934293,0.279994854934293,1,0.75
9,1,2,0,-0.381744061287706,0.226920509519928,-0.397456813026508,0.244101962062631,-0.348912211018116,0.206055068160973,-0.382228265664713,0.239371122807571,1,0.625
9,2,0,1,-0.123100125464102,0.445332641559682,-0.116243008000768,0.448030862419873,-0.0877898707653934,0.373504156479679,-0.126952650498127,0.412666936212413,0.5,0.25
9,2,1,0,-0.226920509519928,0.381744061287706,-0.244101962062631,0.397456813026508,-0.206055068160973,0.348912211018116,-0.239371122807571,0.382228265664713,1,0.625
9,3,0,0,-0.0411067320475474,0.532305334933566,-0.053117508600344,0.532305353475782,-0.0422246789566166,0.470796107528045,-0.077941699792353,0.506513128363782,0.25,0.125
10,0,0,2,-0.21527343801838,0.21527343801838,-0.242494006850385,0.242494006850385,-0.139997427467147,0.139997427467147,-0.197986260621382,0.197986260621382,1,0.5
10,0,1,1,-0.354374300316457,0.181349161687788,-0.353879911142429,0.179368507281076,-0.265847219826873,0.12299007696973,-0.311007140049476,0.168149997192333,1,0.5
10,0,2,0,-0.448030862252973,0.103762248627577,-0.448030862419873,0.116243008000768,-0.373504156479679,0.0877898707653934,-0.412666936212413,0.126952650498127,0.5,0.25
10,1,0,1,-0.181349161687788,0.354374300316457,-0.179368507281076,0.353879911142429,-0.12299007696973,0.265847219826873,-0.168149997192333,0.311007140049476,1,0.5
10,1,1,0,-0.285046176645325,0.285046176645325,-0.299029187995015,0.299029187995015,-0.242482657302037,0.242482657302037,-0.279994854934293,0.279994854934293,1,0.75
10,2,0,0,-0.103762248627577,0.448030862252973,-0.116243008000768,0.448030862419873,-0.0877898707653934,0.373504156479679,-0.126952650498127,0.412666936212413,0.5,0.25
11,0,0,1,-0.247069805788124,0.247069805788124,-0.242494006850385,0.242494006850385,-0.139997427467147,0.139997427467147,-0.197986260621382,0.197986260621382,1,0.5
11,0,1,0,-0.353879911141117,0.168641353898679,-0.353879911142429,0.179368507281076,-0.265847219826873,0.12299007696973,-0.311007140049476,0.168149997192333,1,0.5
11,1,0,0,-0.168641353898679,0.353879911141117,-0.179368507281076,0.353879911142429,-0.12299007696973,0.265847219826873,-0.168149997192333,0.311007140049476,1,0.5
12,0,0,0,-0.242494006655241,0.242494006655241,-0.242494006850385,0.242494006850385,-0.139997427467147,0.139997427467147,-0.197986260621382,0.197986260621382,1,0.5
10,38,14,1,0.16232791029167,0.560201794541341,0.161308843970487,0.561968906573911,0.168901996613915,0.569559541847624,0.166645384365955,0.571816154095584,0.00119512032000735,0.000802330886894965
0,13,45,5,-0.677423528716794,-0.283023793096191,-0.678308319714069,-0.282383812508759,-0.690601192518005,-0.294014192097379,-0.692880704570826,-0.291734680044559,3.01159096291194e-05,1.91677867962261e-05
11,22,18,12,-0.129851674978176,0.251027533941548,-0.132776972760236,0.254388825396875,-0.130956353136896,0.254033276213819,-0.133303717415557,0.25638064049248,0.635828002628841,0.532709255236114
25,21,2,15,0.162443366190855,0.422082951722086,0.170658230425845,0.433105466475901,0.162802360896395,0.42181302371899,0.159338327841288,0.425277056774097,6.60419464111328e-05,3.58819961547851e-05
22,7,28,6,-0.481420785318368,-0.159022279259182,-0.48749318791664,-0.157885517388474,-0.48605925916614,-0.160094586987706,-0.488825114318179,-0.157328731835667,0.000508260447531939,0.000312551157549024
8,5,27,23,-0.489537311939811,-0.182898788816892,-0.494789294232557,-0.186053785364983,-0.490888878963917,-0.18603419795916,-0.493842731516803,-0.183080345406274,0.000113074202090502,6.61876983940602e-05
15,4,44,0,-0.754737123395062,-0.457910968952675,-0.758663707696272,-0.459309852919734,-0.764283926789721,-0.46648530397951,-0.767306391175857,-0.463462839593374,1.51383261481897e-09,8.22545587197963e-10
28,9,24,2,-0.394986442653982,-0.062887132852114,-0.399405937251038,-0.0618227289415921,-0.397401194180043,-0.0641372673584184,-0.400107449292965,-0.061431012245497,0.0135309868492186,0.00904118549078706
11,29,23,0,-0.12667518776465,0.307112890700421,-0.12768387235341,0.308302536228146,-0.12606159498801,0.310676979603394,-0.128133607490422,0.312748992105807,0.488455669379893,0.410102716374692
20,18,3,22,0.100594004311918,0.36038527433975,0.105535874778764,0.371540318943577,0.100940270369987,0.360598191168474,0.0974846480861693,0.364053813452292,0.00148963928222656,0.000855445861816405
31,16,7,9,-0.00690969249978599,0.284009568788489,-0.00668701531792699,0.288930389494887,-0.00537265521023528,0.282295732133312,-0.00849932807053808,0.285422404993615,0.0931396484375001,0.0639146566390992
2,18,37,6,-0.498136579205195,-0.0728303136345718,-0.49924395402516,-0.0718766276328961,-0.50647282389716,-0.078142560718225,-0.508585117415777,-0.0760302671996073,0.0144538335338278,0.0104548183218923
1,17,22,23,-0.26453526125825,0.113019474832235,-0.267115869232458,0.114928552826287,-0.266710169510147,0.112864015663993,-0.269090611994177,0.115244458148024,0.522397380496841,0.429590507843386
7,11,14,31,-0.20120529660632,0.10909747169563,-0.20374797448575,0.110357704231764,-0.199496124887695,0.107188432580002,-0.202432684996278,0.110124992688586,0.690037965774536,0.557197093963623
11,16,15,21,-0.153129690175345,0.183611506102454,-0.157660524048513,0.188420319188773,-0.155147154995718,0.185916385764949,-0.157792478169065,0.188561708938296,1,0.860050065908581
26,11,13,13,-0.181939135859798,0.120651283886082,-0.18573083695717,0.123325462777578,-0.181350018067296,0.119811556528834,-0.184339392343524,0.122800930805063,0.838819742202759,0.690037965774536
10,16,32,5,-0.442007795806287,-0.0406918466368326,-0.444308257418493,-0.0390212792092993,-0.448566538646584,-0.0437411536611084,-0.450800173032217,-0.041507519275475,0.0293049467205293,0.0212941141413872
20,25,18,0,-0.0914451202531758,0.302953800034118,-0.0928865640836165,0.305110495330016,-0.0906011925180054,0.305985807902621,-0.0928807045708255,0.308265319955441,0.360377652935768,0.291215236545896
13,34,8,8,0.22440247749276,0.564351074823832,0.222811809087001,0.569430828555386,0.227835528234268,0.572164471765732,0.225214913791184,0.574785086208816,6.87711149112149e-05,4.19341579345202e-05
27,4,18,14,-0.350802601244744,-0.0799125284713798,-0.359592467854015,-0.0830284661636645,-0.350182361794772,-0.0805868689744589,-0.353513734182595,-0.0772554965866358,0.00434350967407227,0.00259947776794434
19,10,17,17,-0.264543600126369,0.0507623264267268,-0.269197120229167,0.0520822613383525,-0.265086004717524,0.0497013893329084,-0.267948343104129,0.0525637277195139,0.247788563370705,0.184933342039585
2,40,8,13,0.311306793244006,0.656158619297679,0.310331335318483,0.659524241548697,0.318445384721596,0.666169999893789,0.315849983431565,0.668765401183819,3.30526670921928e-06,1.96465377655387e-06
18,17,27,1,-0.348546712903478,0.0464388933752373,-0.350879669507348,0.0479156038590602,-0.352632834601984,0.0449405269096765,-0.354906755328816,0.0472144476365084,0.174171147270727,0.135156450845671
20,10,25,8,-0.39827991319121,-0.0582713975526376,-0.403750863254448,-0.0559782560853924,-0.402771129815263,-0.058767331723199,-0.405394184020737,-0.0561442775177244,0.0166738478001207,0.0113309841835872
28,1,9,25,-0.21960635520852,-0.028566495937484,-0.237385732447958,-0.0355831110758429,-0.218503325305175,-0.0276505208486716,-0.223153989704985,-0.0229998564488612,0.021484375,0.01171875
7,28,6,22,0.179582363857365,0.492173971491421,0.178795794767768,0.499066217866901,0.180181608660168,0.496741468262909,0.177335013020889,0.499588063902188,0.000195125583559275,0.000116841867566109
23,11,8,21,-0.0885279718943184,0.180694663865977,-0.0920872668794522,0.187164584759246,-0.0882281776119549,0.180535869919647,-0.0915696062209829,0.183877298528675,0.647605895996094,0.50344467163086
13,16,14,20,-0.137644429215646,0.198593776911525,-0.139599486931202,0.201225241858157,-0.136950474808862,0.198488936347324,-0.139639456397391,0.201177917935853,0.855535551905632,0.720100131817162
5,39,12,7,0.216109039788964,0.597887534080976,0.214567744033151,0.600153421634731,0.222817147445801,0.60795208332343,0.220470658134202,0.610298572635029,0.000198039451337451,0.000127538783855741
23,18,15,7,-0.128075720118141,0.219437840561155,-0.13162267555292,0.223624867382375,-0.12931017474071,0.221617867048402,-0.131882227862446,0.224189920170139,0.728332480881364,0.607591361273081
11,15,23,14,-0.305136647649564,0.0624388287975634,-0.30923826632932,0.0653943571709754,-0.308991922139435,0.0628380759855892,-0.311421309505251,0.0652674633514052,0.25587507954333,0.199590866919608
21,4,23,15,-0.433958036165674,-0.147841054891625,-0.44232170609904,-0.15181561194282,-0.435166066071879,-0.149449318543506,-0.438313637314043,-0.146301747301342,0.000310748815536499,0.000179991126060486
12,25,12,14,0.0202357839893221,0.374576867332577,0.017540007116043,0.379536662943172,0.0205942470214732,0.379405752978527,0.0180779144126759,0.381922085587324,0.0470310274395161,0.0335524396796246
18,19,10,16,-0.0246936443616988,0.299214635888648,-0.0254559232119881,0.303621733015971,-0.0232282924033193,0.300151369326396,-0.0260158837816247,0.302938960704702,0.136045947670937,0.0987371467053889
30,6,25,2,-0.446151383704953,-0.136509042219979,-0.45124594065925,-0.136605055963034,-0.447373481717046,-0.137241902898339,-0.450278006189116,-0.134337378426269,0.000877910293638708,0.000535052735358477
2,12,22,27,-0.325947444716243,0.0213899414455398,-0.329704465053006,0.0231793504402034,-0.328270734165057,0.0205784264727492,-0.330857891428934,0.0231655837366261,0.121449484955519,0.0895310789346696
18,15,11,19,-0.095111906064052,0.217332302146563,-0.0973227935687989,0.221575860119242,-0.0944267889496113,0.217503712026534,-0.0973148682423674,0.220391791319291,0.557197093963623,0.442068338394165
6,24,3,30,0.182848613351436,0.464644167989326,0.188563535946506,0.470070190425263,0.184190373346928,0.461963472806918,0.180954811079698,0.465199035074149,4.92334365844728e-05,2.74404883384706e-05
9,10,24,20,-0.381605394447383,-0.0447291061296033,-0.387359763771859,-0.042247192418523,-0.385916385764949,-0.0448528450042818,-0.388561708938296,-0.0422075218309346,0.0243065101094545,0.0166738478001208
12,3,25,23,-0.477676713451006,-0.196828345247036,-0.486048447749765,-0.202657628261175,-0.47845157397132,-0.198471502951757,-0.481662205585262,-0.195260871337815,2.74404883384705e-05,1.52364373207093e-05
25,8,7,23,-0.105353494010817,0.136182596431274,-0.111086059332957,0.143334347133885,-0.105170551848726,0.135939782617957,-0.108884324295855,0.139653555065086,1,0.803619384765625
11,22,18,12,-0.129851674978176,0.251027533941548,-0.132776972760236,0.254388825396875,-0.130956353136896,0.254033276213819,-0.133303717415557,0.25638064049248,0.635828002628841,0.532709255236114
0,3,54,6,-0.896533765016695,-0.641848450687899,-0.899290841797541,-0.641162118202103,-0.912490285952425,-0.656740483278344,-0.915997314174237,-0.653233455056532,4.29017932290776e-13,2.2598589666245e-13
11,30,3,19,0.268392284335146,0.556798282310712,0.274209459166207,0.564225872133235,0.271453203591791,0.559316027177439,0.268328597747373,0.562440633021858,1.40117481350899e-06,7.6601281762123e-07
26,15,7,15,-0.0192343328653093,0.264851216053514,-0.0199676068020182,0.271476439441959,-0.0184039961808411,0.264557842334687,-0.0215815420631146,0.267735388216961,0.133800506591797,0.0931396484375001
7,8,12,36,-0.202082995708716,0.0781514600854258,-0.205470192289115,0.0791173217016771,-0.198905973068336,0.0758290499914134,-0.202176487145194,0.0790995640682705,0.50344467163086,0.383310317993164
34,20,1,8,0.171380961312167,0.420577234588991,0.183013942574451,0.428389200558064,0.170024460347415,0.41459092426797,0.166361633054929,0.418253751560455,2.09808349609375e-05,1.09672546386719e-05
15,19,9,20,-0.00565776955370845,0.310984997139115,-0.00611651406335313,0.315931188703766,-0.00416842802377509,0.311860735716083,-0.00701971918531913,0.314712026877627,0.087158553302288,0.0614283457398414
3,15,21,24,-0.272022220258457,0.0896975024699746,-0.275370438495638,0.0920763091103625,-0.27434507657708,0.0897296919616958,-0.27682552422182,0.0922101396064356,0.405032246140763,0.324008600087836
25,2,18,18,-0.371071342665433,-0.121636121484532,-0.38342605057789,-0.129374889515214,-0.37070387404615,-0.121603818261542,-0.374301926399409,-0.118005765908283,0.000402450561523438,0.00022125244140625
19,16,15,13,-0.153580111041118,0.18404750338819,-0.157660524048513,0.188420319188773,-0.155147154995718,0.185916385764949,-0.157792478169065,0.188561708938296,1,0.860050065908581
22,20,15,6,-0.102285944127592,0.254328301697587,-0.105322732566999,0.258253607187832,-0.103027628610564,0.256873782456718,-0.105536445833902,0.259382599680056,0.499559833202511,0.405032246140763
33,5,16,9,-0.307350340879289,-0.0327974729505098,-0.313373301736294,-0.0344840818950036,-0.30454637289342,-0.0339151655681186,-0.30786530178755,-0.0305962366739887,0.0266036987304688,0.0169005393981934
13,19,14,17,-0.0964502768330963,0.248607639006952,-0.100306697330244,0.253670766899557,-0.0979020196070156,0.251748173453169,-0.10048333614986,0.254329489996014,0.486850241664797,0.391528305131942
11,18,21,13,-0.233762671176587,0.142827618622691,-0.237252822324947,0.145949819703859,-0.236529655447943,0.14422196314025,-0.238902827440471,0.146595135132779,0.749258624760841,0.635828002628841
28,2,2,31,-0.0675921295246568,0.0675921295246568,-0.0821108777674655,0.0821108777674678,-0.0674248108135832,0.0674248108135832,-0.0738601796362355,0.0738601796362355,1,0.8125
28,3,13,19,-0.273347044687734,-0.0354428203507084,-0.285298562006752,-0.0383322310152577,-0.272412404574321,-0.035279903117987,-0.276186567587419,-0.0315057401048884,0.021270751953125,0.012725830078125
4,22,30,7,-0.336141773105675,0.0954201497073919,-0.337531632467364,0.0966949426322841,-0.340547567517746,0.0943937213639,-0.342628061120333,0.0964742149664868,0.331749763369491,0.271679166065504
14,31,7,11,0.201875131395974,0.528010875890338,0.200480589343344,0.534547720403745,0.203693695373936,0.534767843087602,0.200969829486181,0.537491708975358,0.000116167007945478,7.02547840774058e-05
5,13,36,9,-0.540322831230074,-0.153616485796341,-0.542806458708962,-0.152005912122453,-0.548939441300339,-0.158752866391969,-0.551255910019274,-0.156436397673034,0.00140268850369552,0.000936222910851826
27,7,27,2,-0.466775009880133,-0.144096277477623,-0.471600214159367,-0.143812586847025,-0.469641464835853,-0.145743150548762,-0.472424667968467,-0.142959947416149,0.000821395311504603,0.000508260447531939
11,15,15,22,-0.167213195831143,0.167213195831143,-0.170579449759435,0.170579449759435,-0.167886425008499,0.167886425008499,-0.170572778381499,0.170572778381499,1,0.927767775952816
27,33,3,0,0.313909235461642,0.605526873785455,0.317990816965747,0.609818403581062,0.316445513128592,0.606631409948331,0.31334539590812,0.609731527168803,2.27213604375721e-07,1.23312929645182e-07
11,20,26,6,-0.294242934482235,0.113113602241779,-0.296525348762221,0.115107350553067,-0.297806644855232,0.113191260239847,-0.300007091730958,0.115391707115574,0.461391182136767,0.381693397663215
6,30,9,18,0.147070756242128,0.490871557197104,0.145433065275894,0.495816954810815,0.149295088676154,0.496858757477692,0.146698503222492,0.499455342931354,0.0010650196345523,0.000679548254993281
1,5,30,27,-0.536982825137328,-0.227567200569095,-0.541767911168763,-0.228811263856519,-0.539500655000317,-0.229730114230452,-0.542408502351435,-0.226822266879334,2.2361520677805e-05,1.29134859889746e-05
19,21,18,5,-0.143249083038759,0.2341926353827,-0.145949819703859,0.237252822324947,-0.14422196314025,0.236529655447943,-0.146595135132779,0.238902827440471,0.749258624760841,0.635828002628841
1,22,22,18,-0.200945556799014,0.200945556799014,-0.202817011001163,0.202817011001163,-0.20227443244075,0.20227443244075,-0.204509576895257,0.204509576895257,1,0.940197910640336
8,16,16,23,-0.171402922535308,0.171402922535308,-0.175547645964773,0.175547645964773,-0.173217475294594,0.173217475294594,-0.175822395530498,0.175822395530498,1,0.930025032954291
18,21,5,19,0.0999260635347482,0.389804910482353,0.102348695771624,0.39778767810655,0.101350408405046,0.390957283902647,0.0982442230506816,0.394063469257011,0.00249391794204712,0.00151371955871582
5,4,38,16,-0.666748080169083,-0.368311383702058,-0.673116028006509,-0.368515343928606,-0.674491446113851,-0.371662400039995,-0.677464677802322,-0.368689168351524,5.65314621781e-08,3.10815266857389e-08
16,10,8,29,-0.101152033127364,0.162790590774206,-0.104992329270175,0.1686082557193,-0.100452899099965,0.161991360638427,-0.103872770070246,0.165411231608707,0.814529418945313,0.647605895996094
27,21,1,14,0.184257516338603,0.432777435436395,0.196864610792112,0.444746260308774,0.183930935577618,0.431453679806998,0.180310604726928,0.435074010657687,1.09672546386719e-05,5.72204589843749e-06
29,20,7,7,0.0458318656635404,0.352971268746351,0.0471105759372926,0.357179181988864,0.0480321942801792,0.351967805719821,0.0450695801401587,0.354930419859841,0.0191572904586792,0.0125409513711929
18,36,3,6,0.360859403386692,0.646759754245367,0.362395615423696,0.654447084889953,0.362310425146141,0.653074190238475,0.359216340629227,0.656168274755388,3.60887497663498e-08,1.94650056073444e-08
16,20,22,5,-0.226109848315829,0.165600941106789,-0.228733572489887,0.168053503372476,-0.228356051966891,0.166817590428429,-0.23064362366048,0.169105162122019,0.877614328752315,0.760791642561344
26,22,2,13,0.176344972384468,0.439245480137057,0.184573805629276,0.449392653594592,0.176790362431705,0.43859425295291,0.173362339719188,0.442022275665427,3.58819961547851e-05,1.94311141967774e-05
4,2,27,30,-0.524635196967964,-0.247290777647792,-0.528971847613456,-0.255312868378447,-0.520755462646494,-0.248475306584275,-0.524054768825751,-0.245176000405018,1.6242265701294e-06,8.67992639541628e-07
33,2,23,5,-0.460578781379833,-0.190740503820035,-0.465551487506529,-0.198566956006848,-0.45525495321281,-0.190898892941036,-0.458650713586936,-0.18750313256691,1.94311141967774e-05,1.04904174804688e-05
19,17,18,9,-0.194076391185184,0.163681518408962,-0.197998354079526,0.16741891172098,-0.196265705605923,0.165496474836692,-0.198761794505405,0.167992563736175,0.999999999999999,0.86793940042844
15,16,16,16,-0.170858282240592,0.170858282240592,-0.175547645964773,0.175547645964773,-0.173217475294594,0.173217475294594,-0.175822395530498,0.175822395530498,1,0.930025032954291
18,27,11,7,0.0663416898403579,0.419580596288372,0.0641835604928516,0.42424818848209,0.0676078076773102,0.424699884630382,0.0650795274934846,0.427228164814208,0.0138529652613215,0.00947530427947643
22,18,17,6,-0.164039499662861,0.194443766540173,-0.16741891172098,0.197998354079526,-0.165496474836692,0.196265705605923,-0.167992563736175,0.198761794505405,0.999999999999999,0.86793940042844
13,12,13,25,-0.169655494738799,0.139045062603919,-0.172990014225528,0.141865811529998,-0.169091344492855,0.138322113723625,-0.172021072174864,0.141251841405633,1,0.845018982887268
28,24,7,4,0.102978485727459,0.417615054592905,0.101977284575735,0.423267235121695,0.103258531737091,0.419818391339832,0.100411936097812,0.422664986979111,0.00332689285278321,0.00210240157321097
18,16,19,10,-0.224071523988361,0.132892002129755,-0.228274931799825,0.136529920622794,-0.226725340786261,0.134417648478569,-0.22922565090934,0.136917958601648,0.735878800856881,0.617719317029696
23,5,20,15,-0.373339309417872,-0.0863703659430023,-0.381189244432593,-0.0886372729706451,-0.373921048951699,-0.0876174125867629,-0.377062306721566,-0.0844761548168951,0.00407731533050537,0.00249391794204711
11,10,18,24,-0.282518899344572,0.0380817496278508,-0.286482352313115,0.0388020968036621,-0.282676975238315,0.0365231290844687,-0.285500436376471,0.039346590222625,0.184933342039585,0.136045947670937
25,13,16,9,-0.210234171634998,0.118607825362148,-0.213961834930515,0.121350722079763,-0.210928657754064,0.118620965446372,-0.213664919102881,0.121357226795188,0.711071103811264,0.584664711728692
13,23,25,2,-0.239505960289898,0.179221308873184,-0.241181545535859,0.180809893869751,-0.241709691674419,0.180171230135957,-0.243853953519461,0.182315491981,0.885433497286515,0.775449654681567
18,15,10,20,-0.0764155761897977,0.229317216253068,-0.0784430358940948,0.234153521345507,-0.0756876900481961,0.22953384389435,-0.0786380596702563,0.23248421351641,0.42435622215271,0.326939582824707
19,21,19,4,-0.161075439307728,0.221659322543963,-0.163610004040219,0.224411669681664,-0.16216109309329,0.223699554631751,-0.164503222199299,0.22604168373776,0.87462931238042,0.755228657504631
19,20,24,0,-0.260937743151209,0.140158874506831,-0.262845615740489,0.141702440681853,-0.263258906133198,0.140181983056275,-0.26550012163699,0.142423198560067,0.651587827208916,0.551484329802522
4,7,23,29,-0.401243318778361,-0.0892424596697344,-0.406928809223696,-0.088161689041093,-0.403013400132776,-0.0892942921749167,-0.405885310484197,-0.0864223818234952,0.0052228793501854,0.00332689285278321
31,13,7,12,-0.0451308579698561,0.230177495080889,-0.0463269354707194,0.236022962151905,-0.044037725324324,0.228653109939709,-0.0473321799777636,0.231947564593148,0.263175964355469,0.189247131347656
24,22,12,5,-0.020724472938724,0.325262609633888,-0.0231793504402034,0.329704465053006,-0.0205784264727492,0.328270734165057,-0.0231655837366261,0.330857891428934,0.121449484955519,0.0895310789346696
16,3,38,6,-0.676163193705391,-0.391087442842283,-0.683660346923988,-0.392339422420305,-0.683554486871408,-0.393368590051669,-0.68665460409188,-0.390268472831197,1.04791979538277e-08,5.63159119337802e-09
4,30,6,23,0.207627605319978,0.524713761898876,0.207245851657146,0.530409939107062,0.209280524542668,0.529181013918871,0.20646313793255,0.531998400528988,6.96016941219569e-05,4.12575900554658e-05
24,18,10,11,-0.0380817496278509,0.282518899344572,-0.0388020968036625,0.286482352313115,-0.0365231290844687,0.282676975238315,-0.039346590222625,0.285500436376471,0.184933342039585,0.136045947670937
23,2,13,25,-0.283247277049758,-0.0563518196228103,-0.29747726359402,-0.0620557916674306,-0.282610601911412,-0.0558509365501264,-0.286551728489293,-0.051909809972246,0.00738525390625,0.00418090820312499
15,16,13,19,-0.119350106111194,0.210824591748417,-0.121350722079763,0.213961834930515,-0.118620965446372,0.210928657754064,-0.121357226795188,0.213664919102881,0.711071103811264,0.584664711728692
12,21,9,21,0.0208000377795002,0.345281778160707,0.0208647563152233,0.349697864613576,0.0228390654689396,0.34639170376183,0.020052939144913,0.349177830085856,0.0427739452570677,0.0294493734836578
32,18,8,5,0.000764095663216419,0.306695516701057,0.000101326467336197,0.311131808595238,0.00169436766462561,0.305997940027682,-0.00126473249287457,0.308957040185182,0.075518697500229,0.0522389858961106
34,18,8,3,0.00185508522171252,0.306086907363468,0.000101326467336197,0.311131808595238,0.00169436766462561,0.305997940027682,-0.00126473249287457,0.308957040185182,0.075518697500229,0.0522389858961106
1,20,15,27,-0.10329306779694,0.255307471903249,-0.105322732566999,0.258253607187832,-0.103027628610564,0.256873782456718,-0.105536445833902,0.259382599680056,0.499559833202511,0.405032246140763
13,14,30,6,-0.433314829836277,-0.0505731122760749,-0.436478011379939,-0.048608275440443,-0.439373964132181,-0.0529337281755113,-0.441712622520981,-0.0505950697867111,0.0226288412059148,0.0160943600312749
0,23,15,25,-0.0639461127183478,0.306519287661315,-0.0653943571709753,0.30923826632932,-0.0628380759855892,0.308991922139435,-0.0652674633514052,0.311421309505251,0.25587507954333,0.199590866919608
3,31,4,25,0.264380888128955,0.562527465044037,0.265508018762376,0.568416979378388,0.265269015442523,0.565500215326708,0.262270558653615,0.568498672115616,3.4654513001442e-06,1.94157473742962e-06
9,6,25,23,-0.446116804710817,-0.134414478561643,-0.45124594065925,-0.136605055963034,-0.447373481717046,-0.137241902898339,-0.450278006189116,-0.134337378426269,0.000877910293638708,0.000535052735358477
19,38,0,6,0.459285179077936,0.707443546555129,0.47980918521621,0.714680884804034,0.46108026748354,0.708150501747229,0.457453494933657,0.711777274297113,7.27595761418343e-12,3.63797880709171e-12
15,13,22,13,-0.312278198361885,0.038696603914867,-0.317329532181245,0.0419072996666057,-0.316222410255652,0.0392993333325751,-0.318761700867602,0.0418386239445248,0.175465248990804,0.132498163962737
23,19,0,21,0.178523393913441,0.407398517830556,0.202376917055306,0.423603723144321,0.177700769421891,0.406914615193493,0.17380044444495,0.410814940170435,3.814697265625e-06,1.9073486328125e-06
6,4,46,7,-0.781186639362469,-0.491396916638764,-0.78624847074551,-0.490070812906464,-0.79344747263507,-0.498860219672622,-0.796502219688912,-0.49580547261878,4.46178205493197e-10,2.41630715436258e-10
22,14,20,7,-0.26651518702464,0.0839197936020384,-0.270869228088945,0.0870786006508052,-0.269279913931149,0.0846645293157645,-0.271830360093661,0.0872149754782767,0.391528305131942,0.310504659079015
47,10,6,0,-0.0642993026947742,0.190453914778252,-0.0653102649421508,0.193792510954603,-0.0618833725643921,0.184960295641315,-0.0655133788888295,0.188590301965753,0.454498291015625,0.332305908203125
11,22,27,3,-0.286062450680454,0.13540181185709,-0.287760289274995,0.136934897283047,-0.289317405329341,0.135471251483188,-0.291447135624654,0.1376009817785,0.568172412849166,0.479887661698328
18,10,26,9,-0.41454229012305,-0.0720542837560895,-0.42003220528855,-0.0697713987081204,-0.419532754358869,-0.0727749379488235,-0.422135285041631,-0.0701724072660613,0.0113309841835872,0.00763207860291008
9,9,26,19,-0.425991930219657,-0.0915499226971343,-0.431967635600748,-0.0894456415460858,-0.430917977031112,-0.0921589460458115,-0.433581018166682,-0.0894959049102413,0.00598812056705358,0.00393317302223297
1,21,20,21,-0.179089995890533,0.209348012256903,-0.181135258275904,0.211504529755111,-0.179995258030089,0.210764488799319,-0.182308368704844,0.213077599474075,1,0.877614328752315
19,24,6,14,0.120742748471099,0.428845038700662,0.122672593431776,0.435082100078747,0.123125370163126,0.430720783683028,0.120197343148213,0.433648810697941,0.00143090635538102,0.000877910293638713
29,17,9,8,-0.0325880859476091,0.277905879567729,-0.0328339936004342,0.281607402907766,-0.0307207836830283,0.276874629836874,-0.0336488106979407,0.279802656851787,0.168637543916702,0.122078120708466
21,2,25,15,-0.487139370086955,-0.218247410109832,-0.49749880920762,-0.22678569177183,-0.488228177611955,-0.219464130080353,-0.491569606220983,-0.216122701471325,5.64754009246827e-06,3.032386302948e-06
12,15,12,24,-0.113956932695117,0.205642559271782,-0.115954206690001,0.208929441819165,-0.113007381827683,0.205315074135375,-0.115838491674947,0.208146183982639,0.701108038425446,0.571588188409806
22,2,17,22,-0.353532592045669,-0.108268797678925,-0.366573766379842,-0.115766286278038,-0.353395153448937,-0.108143308089524,-0.357048041088694,-0.104490420449768,0.000728607177734376,0.000402450561523439
12,23,17,11,-0.0988170824718192,0.280593710487424,-0.101647670075231,0.284087015522894,-0.0994590758306869,0.284074460446071,-0.101815243959222,0.286430628574606,0.429590507843387,0.348888879449079
20,17,24,2,-0.298288248419244,0.0863980890892324,-0.300945059617642,0.088305128850126,-0.301346303727397,0.0859616883427818,-0.303679784850946,0.0882951694663311,0.348888879449079,0.27995623852894
14,24,1,24,0.226124279881043,0.481429780650016,0.238930777229321,0.493032241033101,0.226409556802395,0.481282750889913,0.222890790119643,0.484801517572665,1.54972076416016e-06,8.04662704467777e-07
14,19,25,5,-0.28992933735105,0.108602465490912,-0.29245791608427,0.110728328201798,-0.293333505209511,0.108718120594126,-0.295582379554989,0.110966994939605,0.451380832396126,0.371298034471011
12,23,23,5,-0.204948469461221,0.204948469461221,-0.207012964031474,0.207012964031474,-0.206720555495883,0.206720555495883,-0.208908135521755,0.208908135521755,1,0.941497956061198
17,14,8,24,-0.051212991051891,0.235228658752938,-0.0529791116356676,0.241421530105816,-0.0505506814564939,0.235166066071879,-0.0536982526986581,0.238313637314043,0.28627872467041,0.210039615631103
11,19,14,19,-0.0965521095229944,0.248739571537479,-0.100306697330244,0.253670766899557,-0.0979020196070156,0.251748173453169,-0.10048333614986,0.254329489996014,0.486850241664797,0.391528305131942
17,30,1,15,0.31267414108442,0.575590541646432,0.325372273066629,0.586350838367531,0.314506014826199,0.577801677481494,0.311096922910637,0.581210769397056,2.98023223876954e-08,1.53668224811555e-08
16,21,8,18,0.0403003613898387,0.356448032578308,0.0406133744196308,0.361830419668689,0.0421625645779931,0.357837435422007,0.0393081301271103,0.36069186987289,0.0241195447742939,0.016124801710248
6,8,25,24,-0.421769320065652,-0.0971681992122903,-0.427655227890164,-0.0955461160583047,-0.425462157882907,-0.0976147651940163,-0.428212392451113,-0.0948645306258098,0.00455138413235546,0.00293505564332009
7,30,0,26,0.337407140573746,0.589500945214119,0.357821241439914,0.597296435488245,0.336651962899209,0.586424960177715,0.333063333342294,0.590013589734629,1.86264514923096e-09,9.31322574615483e-10
19,12,6,26,-0.037518808805575,0.222182900047938,-0.0392581177454973,0.230454166482479,-0.037197639103605,0.22181302371899,-0.0406616721587119,0.225277056774097,0.237884521484375,0.167068481445312
23,12,8,20,-0.0762119883394759,0.199013793389337,-0.0791173217016771,0.205470192289115,-0.0758290499914134,0.198905973068336,-0.0790995640682705,0.202176487145194,0.50344467163086,0.383310317993164
11,27,20,5,-0.0998934916746258,0.311090238388327,-0.101720481661626,0.313212345011674,-0.099568871297525,0.31495348668214,-0.101750804724656,0.317135420109272,0.381693397663213,0.31232680747327
17,21,25,0,-0.265222507505218,0.144577635302366,-0.266950634426657,0.146013422722842,-0.267716975969033,0.14464005289211,-0.269910246661704,0.146833323584781,0.658738077023657,0.560064629580212
19,26,3,15,0.210893512947163,0.4930085733237,0.216824320845343,0.501909522610464,0.212860444085585,0.494831863606722,0.209671983554313,0.498020324137995,1.52364373207093e-05,8.43033194541938e-06
11,18,16,18,-0.145659237437846,0.206482332317523,-0.149601717827081,0.210845452493434,-0.147463156101955,0.209001617640417,-0.14999582324412,0.211534284782581,0.864166240440682,0.735878800856882
23,1,35,4,-0.656266066557049,-0.388597640463561,-0.661001542924971,-0.39971425579525,-0.65525495321281,-0.390898892941036,-0.658650713586936,-0.38750313256691,1.07684172689915e-09,5.52972778677948e-10
22,21,16,4,-0.107606749731062,0.25941435851307,-0.110192525704004,0.26273318766369,-0.108011231595797,0.261857385441951,-0.110453334319117,0.26429948816527,0.511375781585229,0.417692190836533
8,22,9,24,0.0368917643898629,0.360162233101025,0.0344531391825863,0.366387878381332,0.0365035227722163,0.363496477227784,0.0337462208292855,0.366253779170714,0.0294493734836578,0.0200616070069373
32,21,10,0,0.00219459636569666,0.333822425674673,0.00143252542702126,0.337491630704732,0.00369369537393643,0.334767843087602,0.000969829486180823,0.337491708975358,0.0707555459812283,0.050102459732443
32,24,6,1,0.122151116449738,0.430379409286793,0.122672593431776,0.435082100078747,0.123125370163126,0.430720783683028,0.120197343148213,0.433648810697941,0.00143090635538102,0.000877910293638713
21,13,26,3,-0.380232561989763,-0.0141176295781239,-0.38375752633277,-0.0123202929016556,-0.384404084138858,-0.0155959158611416,-0.386853116831753,-0.0131468831682472,0.0532519140979277,0.0384773082842004
27,16,9,11,-0.0451731873116361,0.259731388842712,-0.0460928615816873,0.264217379646681,-0.0438145694386216,0.259199184823237,-0.0467860236056967,0.262170638990312,0.229522943496704,0.168637543916702
1,12,22,28,-0.326185155543707,0.0216909976804368,-0.329704465053006,0.0231793504402034,-0.328270734165057,0.0205784264727492,-0.330857891428934,0.0231655837366261,0.121449484955519,0.0895310789346696
7,22,30,4,-0.336141773105675,0.0954201497073919,-0.337531632467364,0.0966949426322841,-0.340547567517746,0.0943937213639,-0.342628061120333,0.0964742149664868,0.331749763369491,0.271679166065504
24,24,0,15,0.24850134123617,0.490850716262465,0.271174687381037,0.504413696138134,0.248096841266761,0.490364697194778,0.244400286068045,0.494061252393493,1.19209289550781e-07,5.96046447753907e-08
6,0,32,25,-0.620462340287701,-0.367555877736328,-0.627331911757445,-0.387628863323435,-0.617529757602793,-0.367085627012591,-0.621109038028224,-0.36350634658716,4.65661287307739e-10,2.32830643653869e-10
3,16,31,13,-0.425961302401367,-0.0267166216794193,-0.428290843343903,-0.0251664865177464,-0.432003684944542,-0.02953477659392,-0.434250253397595,-0.0272882081408668,0.0399860568260521,0.0293049467205292
17,8,20,18,-0.339496402790172,-0.0269361749287705,-0.345066307565486,-0.0270431081912352,-0.340670296076939,-0.0285604731538307,-0.343556746173423,-0.0256740230573467,0.0356981381773948,0.0241195447742939
2,15,15,31,-0.167532399094836,0.167532399094836,-0.170579449759435,0.170579449759435,-0.167886425008499,0.167886425008499,-0.170572778381499,0.170572778381499,1,0.927767775952816
0,29,24,10,-0.144144932108031,0.294438521889553,-0.145090461273848,0.295506303372025,-0.143866947375454,0.297713101221608,-0.14591645245265,0.299762606298804,0.583132154261177,0.496617435317935
3,24,8,28,0.0828074783760503,0.40638220105596,0.0817162057705938,0.41137518851942,0.0836012032354129,0.408706489072279,0.0808281592736243,0.411479533034068,0.00700036669149997,0.00455138413235547
12,15,14,22,-0.150387128537127,0.180891622815996,-0.152564442248285,0.183430900238194,-0.149729413891373,0.180498644660603,-0.152460145291437,0.183229376060668,0.999999999999999,0.855535551905631
27,5,23,8,-0.425115004386657,-0.127042754305923,-0.43059877059429,-0.129978193376661,-0.424690774879433,-0.12915537896672,-0.427735919817741,-0.126110234028413,0.000912234187126161,0.000546112656593323
16,7,3,37,-0.0381641547964404,0.163551836748839,-0.0402651978401296,0.174445343438302,-0.0373434023063071,0.16042032538323,-0.0418387314011074,0.16491565447803,0.34375,0.2265625
12,27,13,11,0.0284794260724195,0.395918924450052,0.0260290439604416,0.400095266865015,0.0295448703219733,0.401224360447258,0.0271145118960442,0.403654718873187,0.0384773082842003,0.0275331558295876
22,14,26,1,-0.368540650367799,0.00497400038269433,-0.371513163388213,0.00638951314028902,-0.372401932757331,0.00317116352656135,-0.374807415693758,0.00557664646298861,0.0806904677519927,0.0595838880180967
14,25,14,10,-0.0173321183490778,0.35090983046787,-0.0199912646684926,0.355019426029751,-0.0169849417129599,0.355446480174498,-0.0194104564462497,0.357871994907788,0.108129021406057,0.0806904677519926
8,14,10,31,-0.0902638410241681,0.213197620374653,-0.0915231204415668,0.21637360826033,-0.0884839278389521,0.211560850915875,-0.0914842110860806,0.214561134163004,0.541256189346313,0.42435622215271
18,26,18,1,-0.0779127226261049,0.319572838744616,-0.0794686094922347,0.321802864650064,-0.0769723533834304,0.323126199537277,-0.0792320832351055,0.325385929388952,0.291215236545896,0.232693191908312
5,33,8,17,0.209722918819154,0.54926108371356,0.208428922077747,0.55407842057173,0.213020591226685,0.556210178004085,0.210391407675469,0.5588393615553,0.000112221426206816,6.8771114911215e-05
8,32,7,16,0.216090166876908,0.544012856097432,0.214802654153842,0.550029496484544,0.218403679032379,0.55082709019839,0.215690691052066,0.553540078178703,7.0254784077406e-05,4.22770226577996e-05
17,20,22,4,-0.22621015713143,0.165704989890778,-0.228733572489887,0.168053503372476,-0.228356051966891,0.166817590428429,-0.23064362366048,0.169105162122019,0.877614328752315,0.760791642561344
14,29,1,19,0.298023582449764,0.56026783448879,0.310753517160082,0.571085029039523,0.299547100900035,0.561991360638427,0.296127229929754,0.565411231608708,5.77419996261597e-08,2.98023223876955e-08
2,12,24,25,-0.359346673680732,-0.0055208788958867,-0.363038925106971,-0.00390491429062758,-0.362454929071811,-0.00677584015895777,-0.36499311216266,-0.00423765706810977,0.0652453352231534,0.0470310274395162
7,14,22,20,-0.300683489737593,0.0575834321415244,-0.304882281894113,0.0604308534593839,-0.304035329433508,0.0578814832796619,-0.306530366363672,0.060376520209826,0.24298495403491,0.187741558998823
22,27,2,12,0.246897507138766,0.519770778790528,0.255312868378447,0.528971847613456,0.248475306584275,0.520755462646494,0.245176000405018,0.524054768825751,1.6242265701294e-06,8.67992639541629e-07
8,19,4,32,0.0930991491317657,0.370305855499393,0.0966441637451933,0.376411736239617,0.0941163822674621,0.367422079271,0.0908291649328276,0.370709296605634,0.00259947776794434,0.00154387950897217
24,10,21,8,-0.331621068352556,-0.00421453443665748,-0.337491630704732,-0.00143252542702096,-0.334767843087602,-0.00369369537393643,-0.337491708975358,-0.000969829486180823,0.0707555459812283,0.050102459732443
22,18,9,14,-0.0188527149713063,0.293901208986411,-0.0195084360263759,0.298842501296646,-0.0175037120265344,0.294426788949611,-0.0203917913192905,0.297314868242367,0.122078120708466,0.0871585533022881
0,21,5,37,0.100610783067579,0.393428801160469,0.102348695771624,0.39778767810655,0.101350408405046,0.390957283902647,0.0982442230506816,0.394063469257011,0.00249391794204712,0.00151371955871582
29,6,6,22,-0.109086724421896,0.109086724421896,-0.11670777559761,0.11670777559761,-0.108719240681875,0.108719240681875,-0.112823288008695,0.112823288008695,1,0.88720703125
11,11,34,7,-0.531483694431543,-0.164312237906595,-0.535082400098996,-0.162474699485613,-0.539384577680904,-0.168307730011404,-0.541818832025012,-0.165873475667295,0.000824082359599745,0.000535585072100278
23,6,19,15,-0.345333231578869,-0.0528848734721698,-0.352430197801775,-0.0540140460961659,-0.3458621675761,-0.0541378324239002,-0.348946275390316,-0.0510537246096844,0.014633297920227,0.00935530662536621
13,12,20,18,-0.290104472245159,0.0464244869363254,-0.295889127192952,0.0500112854644887,-0.293690699603079,0.0475368534492325,-0.296334770700534,0.0501809245466881,0.215327149722725,0.16275565745309
42,2,8,11,-0.196970220817227,0.00614467622035163,-0.206179081949291,0.0037343991425521,-0.189764670932899,0.00514928631751427,-0.19432280739072,0.0097074227753358,0.109375,0.0654296875
27,18,12,6,-0.0733435871515804,0.256702397215685,-0.076585699524024,0.261549629297669,-0.0740722437896145,0.258687628404999,-0.0767825325972187,0.261397917212603,0.361594608053565,0.281041515059769
15,3,10,35,-0.220483328119104,0.00227119648835647,-0.231150194055977,0.00119943577632817,-0.217436016150572,0.00205140076595683,-0.221503126900422,0.00611851151580653,0.09228515625,0.057373046875
11,18,31,3,-0.401875520369877,0.0100449577395951,-0.403796906293439,0.0115058871397346,-0.40759835373525,0.00759835373525036,-0.409776780164621,0.0097767801646208,0.0854331331573945,0.0649086470722722
13,32,11,7,0.136004903191431,0.499951066610975,0.13410178169755,0.503893575178448,0.139128533417502,0.507025312736345,0.136673513556218,0.509480332597628,0.0019139610012644,0.00126003381626561
20,24,15,4,-0.0497375320954971,0.322648442701187,-0.051960355914787,0.325998969995011,-0.0492505059884682,0.326173582911545,-0.0516569315887193,0.328580008511796,0.199590866919608,0.153859944162833
25,10,9,19,-0.119765139418693,0.150498250223348,-0.124243496404463,0.155923792736708,-0.119413131025541,0.150182361794772,-0.122744503413364,0.153513734182595,1,0.823802947998047
16,17,18,12,-0.193877259625641,0.16348948136191,-0.197998354079526,0.16741891172098,-0.196265705605923,0.165496474836692,-0.198761794505405,0.167992563736175,0.999999999999999,0.86793940042844
8,12,33,10,-0.504416434640433,-0.130687065334588,-0.507842920463095,-0.128766541085595,-0.511903436320147,-0.134250409833699,-0.514295837220485,-0.131858008933361,0.00245890032209673,0.00164149134084824
6,17,28,12,-0.36466603626031,0.032331562731503,-0.367322392543391,0.0343343915835216,-0.369559541847624,0.0310980033860855,-0.371816154095584,0.0333546156340452,0.135156450845671,0.103805355504108
9,25,11,18,0.0391340965096236,0.386498728667722,0.0366340647177019,0.391682119426319,0.0396020031775208,0.39116722759171,0.0370345445211607,0.39373468624807,0.0288167196558789,0.020073851919733
1,11,12,39,-0.16434996348944,0.13343985582755,-0.167508060889813,0.136226141919802,-0.163057620798113,0.132288390028882,-0.166104678914672,0.135335448145441,1,0.838819742202758
18,17,19,9,-0.211624968189738,0.150878499478901,-0.215474519050677,0.154392965217793,-0.214031954134074,0.152493492595613,-0.216496037659751,0.154957576121289,0.86793940042844,0.742829358729068
4,29,13,17,0.0554158353502573,0.429077180001426,0.053624061245421,0.432468485644683,0.0576980902155818,0.434609602092111,0.0553010416973432,0.437006650610349,0.0195204727824603,0.0137181850586785
22,22,9,10,0.0349959553795133,0.361584395514487,0.0344531391825863,0.366387878381332,0.0365035227722163,0.363496477227784,0.0337462208292855,0.366253779170714,0.0294493734836578,0.0200616070069373
22,19,4,18,0.0933214139525967,0.36692166110988,0.0966441637451933,0.376411736239617,0.0941163822674621,0.367422079271,0.0908291649328276,0.370709296605634,0.00259947776794434,0.00154387950897217
5,24,33,1,-0.360652959732458,0.0905666811937594,-0.361348704231044,0.0912276085223105,-0.365621812363672,0.0886987354405948,-0.367614350056644,0.0906912731335666,0.289243747109022,0.237047114762721
20,17,9,17,-0.0317893233039556,0.276325989176703,-0.0328339936004342,0.281607402907766,-0.0307207836830283,0.276874629836874,-0.0336488106979407,0.279802656851787,0.168637543916702,0.122078120708466
29,11,2,21,0.0313231463025953,0.247344018798544,0.0355927923832533,0.261738511544272,0.0307765114488922,0.246146565474185,0.0266345020822986,0.250288574840778,0.0224609375,0.012939453125
15,17,12,19,-0.0881675400534004,0.240639445370926,-0.0897748146883106,0.244166351566161,-0.0871711956343715,0.241017349480525,-0.0899186184315546,0.243764772277708,0.458258319646121,0.361594608053566
28,14,3,18,0.0481868851898127,0.291332091138762,0.0516345682143916,0.302906289823373,0.0480968412667609,0.290364697194778,0.0444002860680454,0.294061252393493,0.012725830078125,0.00753784179687499
26,10,4,23,-0.0221669154405285,0.207413554581974,-0.0234240792446038,0.218748511337784,-0.0222992305781088,0.206914615193493,-0.0261995555550501,0.210814940170435,0.1795654296875,0.11846923828125
26,11,21,5,-0.320417276258946,0.0152532636149571,-0.32521197403385,0.0177214624069946,-0.322977736272756,0.0152854285804482,-0.325644620651815,0.0179523129595076,0.110184165183455,0.0801433124579488
2,1,18,42,-0.393660456494452,-0.144244346190846,-0.395253419569639,-0.15556604991597,-0.380458114691895,-0.142618808385028,-0.384221406273182,-0.138855516803741,7.62939453125001e-05,4.00543212890626e-05
8,21,18,16,-0.142958087373211,0.233898411798109,-0.145949819703859,0.237252822324947,-0.14422196314025,0.236529655447943,-0.146595135132779,0.238902827440471,0.749258624760841,0.635828002628841
38,7,7,11,-0.119541964075488,0.119541964075488,-0.123856087873069,0.123856087873069,-0.116783198019846,0.116783198019846,-0.120613168279388,0.120613168279388,1,0.895263671875
31,22,5,5,0.112910339105509,0.410130536289032,0.116129100730613,0.414255959105892,0.115197585200615,0.407879337876308,0.112123358185493,0.410953564891431,0.00151371955871582,0.000912234187126159
12,35,2,14,0.36460232483182,0.642539173231017,0.372447179137284,0.650386066864477,0.368705079043886,0.646679536340729,0.365471807236086,0.649912808148529,1.02445483207703e-08,5.39876054972417e-09
25,16,6,16,0.0133805861288951,0.293607372627763,0.0136334796372591,0.301184980104733,0.0141562045025038,0.293536103189804,0.0109388308347665,0.296753476857541,0.0524787902832032,0.0346896648406983
16,25,15,7,-0.0359976030270339,0.339046235740103,-0.0384653469883476,0.342649774623553,-0.0355720616330403,0.343264369325348,-0.037957082252646,0.345649389944954,0.153859944162832,0.117275205957413
1,13,39,10,-0.586889649256081,-0.196005379199688,-0.588755520204513,-0.194993250619997,-0.596806543501146,-0.203193456498854,-0.599103080306453,-0.200896919693547,0.000409541453782582,0.000268540118819162
14,17,26,6,-0.331433080349009,0.0592310238347692,-0.334337897545711,0.0614383072301893,-0.335623136452119,0.0587000595290419,-0.337915585161145,0.0609925082380679,0.222052820156024,0.174171147270727
24,20,2,17,0.14868468361545,0.40494422145828,0.156820122395332,0.416685509954778,0.148938834051448,0.404907319794706,0.145434722130443,0.408411431715711,0.000121116638183594,6.60419464111327e-05
5,23,16,19,-0.0811242712544597,0.2933625231258,-0.0836020350821399,0.296697659215984,-0.0812082696891801,0.296592885073796,-0.0835997443059627,0.298984359690578,0.336783635189932,0.26818725105477
2,38,22,1,0.0134047049973579,0.466089076393877,0.0130284598217152,0.466448839186473,0.0183786272340664,0.473929065073626,0.016391422383981,0.475916269923711,0.0518938959289215,0.0396170148984997
6,33,17,7,0.0359663878735583,0.44619654064681,0.0344242573359957,0.448133676507225,0.0392980023218223,0.45300968998587,0.0371118380547368,0.455195854252956,0.0328391375642686,0.0240929076984494
26,5,7,25,-0.139559922153022,0.0777208478274685,-0.149238900748479,0.0834832093166709,-0.139230842556587,0.0776923810181255,-0.143344282419944,0.0818058208814821,0.7744140625,0.5810546875
7,28,19,9,-0.0685527787957415,0.340132286398659,-0.0704334001147211,0.342378588121743,-0.0677169759690327,0.34464005289211,-0.069910246661704,0.346833323584781,0.242960217283326,0.193412652861938
18,26,7,12,0.128317049756693,0.450631876151192,0.129803223531647,0.455599920400037,0.131485302416095,0.45313008219929,0.128682932222018,0.455932452393366,0.00131872715428472,0.000821395311504608
14,14,23,12,-0.317229805327033,0.0440042004824459,-0.321707779893609,0.04701265648768,-0.321265722183636,0.0443426452605588,-0.323735904224727,0.0468128273016501,0.187741558998824,0.143306654295885
34,13,12,4,-0.138039224660664,0.168823310229814,-0.141865811529998,0.172990014225528,-0.138322113723625,0.169091344492855,-0.141251841405633,0.172021072174864,1,0.845018982887268
8,11,23,21,-0.353401817556252,-0.0119746161414133,-0.358679872832555,-0.009330697911753,-0.357266656047629,-0.0119641131831405,-0.359879991852042,-0.00935077737872683,0.0576126729138197,0.0409595915116371
13,4,13,33,-0.264427650362679,-0.0146010888048452,-0.273067422879924,-0.0159985911552401,-0.261883372564392,-0.0150397043586848,-0.26551337888883,-0.0114096980342474,0.049041748046875,0.0308837890625
39,12,11,1,-0.13343985582755,0.16434996348944,-0.136226141919803,0.167508060889813,-0.132288390028882,0.163057620798113,-0.135335448145441,0.166104678914672,1,0.838819742202758
15,1,14,33,-0.313829367184848,-0.0906312587977,-0.327096873380477,-0.101630382880512,-0.310379172417188,-0.0896208275828123,-0.314423698271611,-0.0855763017283887,0.0009765625,0.000518798828125001
0,17,21,25,-0.247622766070168,0.126365027123227,-0.25002699149964,0.128146952048693,-0.249250505988468,0.126173582911545,-0.251656931588719,0.128580008511796,0.627102570157149,0.522397380496841
10,19,16,18,-0.132892002129755,0.224071523988361,-0.136529920622794,0.228274931799825,-0.134417648478569,0.226725340786261,-0.136917958601648,0.22922565090934,0.735878800856881,0.617719317029696
22,4,24,13,-0.450670892444715,-0.161723490333479,-0.458482395084975,-0.165784947333335,-0.451817958995633,-0.163566656388982,-0.4549384430788,-0.160446172305815,0.000179991126060486,0.000103715807199478
17,28,1,17,0.283333343770655,0.544321393906988,0.296218974336676,0.555706180171607,0.284696562334318,0.546072668434913,0.281263072623108,0.549506158146123,1.11758708953858e-07,5.774199962616e-08
31,8,24,0,-0.407302612365884,-0.08156691796363,-0.41137518851942,-0.0817162057705938,-0.408706489072279,-0.0836012032354129,-0.411479533034068,-0.0808281592736243,0.00700036669149997,0.00455138413235547
14,3,36,10,-0.648242966544346,-0.35708827362237,-0.654447084889953,-0.362395615423697,-0.653074190238475,-0.362310425146141,-0.656168274755388,-0.359216340629227,3.60887497663498e-08,1.94650056073443e-08
21,17,0,25,0.151578808754439,0.373433019200515,0.175838444116795,0.390299092519513,0.150527462710265,0.372549460366659,0.146505149478505,0.376571773598419,1.52587890625e-05,7.62939453124999e-06
11,27,25,0,-0.18783268508188,0.24797611996967,-0.188892977744459,0.249095884283548,-0.188622569755518,0.250161031293979,-0.190685015431064,0.252223476969525,0.889883965276538,0.7838463022095
9,5,15,34,-0.290028428672937,-0.0197091239678161,-0.296024763496505,-0.0211183968437372,-0.286868106554466,-0.0208242011378414,-0.290242858076799,-0.017449449615509,0.0413894653320313,0.0266036987304688
11,9,22,21,-0.362212629959597,-0.0341777214989721,-0.366387878381332,-0.0344531391825863,-0.363496477227784,-0.0365035227722163,-0.366253779170714,-0.0337462208292855,0.0294493734836578,0.0200616070069373
19,28,11,5,0.0799062927573581,0.436124019259237,0.0780490385225842,0.440375060925276,0.0817432881907799,0.441333634886143,0.0792323305889722,0.443844592487951,0.00947530427947642,0.00642657609569143
9,15,18,21,-0.219152857458425,0.127821684434951,-0.223624867382375,0.13162267555292,-0.221617867048402,0.12931017474071,-0.224189920170139,0.131882227862446,0.728332480881364,0.607591361273081
28,27,1,7,0.269960526633802,0.533087124666735,0.281769058332142,0.540213151699811,0.269955734377556,0.530044265622444,0.266505685349787,0.533494314650213,2.16066837310791e-07,1.11758708953858e-07
16,26,16,5,-0.041101840557604,0.343746108971545,-0.0432556211549051,0.34680212233723,-0.0403128078337579,0.348005115526066,-0.0426402920560278,0.350332599748335,0.164149401783107,0.126289474385431
21,16,12,14,-0.10103967840115,0.223123361926734,-0.102897806521802,0.226629617153841,-0.100151369326396,0.223228292403319,-0.102938960704702,0.226015883781625,0.571588188409806,0.45825831964612
4,10,22,27,-0.349445312125567,-0.0169636948266057,-0.354234256111457,-0.0149737268132208,-0.351917564762182,-0.0173132044685873,-0.354613150790476,-0.0146176184402936,0.0501024597324431,0.0350820333696902
4,28,12,19,0.0605974317645768,0.42461207931109,0.0588092035480062,0.428392735468336,0.0625860660262768,0.429721626281416,0.0601260231713333,0.432181669136359,0.0165890033749747,0.0115077897353331
24,8,13,18,-0.21723419117757,0.0637970398443885,-0.223549270250465,0.0660814963290991,-0.217112813013,0.0632666591668458,-0.220318973404154,0.0664728195579999,0.383310317993164,0.28627872467041
7,21,25,10,-0.264700308376251,0.143949568013441,-0.266950634426657,0.146013422722842,-0.267716975969033,0.14464005289211,-0.269910246661704,0.146833323584781,0.658738077023657,0.560064629580212
38,2,17,6,-0.361071514445236,-0.108698246194431,-0.366573766379842,-0.115766286278038,-0.353395153448937,-0.108143308089524,-0.357048041088694,-0.104490420449768,0.000728607177734376,0.000402450561523439
27,22,8,6,0.0561542463596661,0.372379100097198,0.0542493096560202,0.378466791825994,0.0558722314815064,0.374896999287724,0.0530472455614526,0.377721985207778,0.016124801710248,0.0106738405302167
29,23,3,8,0.168935277153424,0.447321090753167,0.17454236133,0.453971848067571,0.170019647667491,0.445364967717124,0.166756214582848,0.448628400801767,8.79764556884767e-05,4.92334365844728e-05
16,4,21,22,-0.400761172656947,-0.120374133447542,-0.409629098920048,-0.124088280000047,-0.401528497048243,-0.12154842602868,-0.404739128662185,-0.118337794414738,0.000910520553588867,0.00053352117538452
7,7,6,43,-0.10180061138627,0.133449295309005,-0.103938463627768,0.136572263093033,-0.0973766647666843,0.128145895535915,-0.101338678451745,0.132107909220976,1,0.79052734375
32,16,11,4,-0.0811738388628408,0.234654050867062,-0.0842209633470809,0.239228233000456,-0.081533504640641,0.235379658486795,-0.0843769827902061,0.23822313663636,0.442068338394165,0.344928450882435
12,41,8,2,0.326161852000819,0.670991525330526,0.32511774333453,0.674201991200752,0.333830000106211,0.681554615278404,0.331234598816181,0.684150016568435,1.96465377655387e-06,1.16355580459527e-06
21,9,17,16,-0.276386572088296,0.0318169213953902,-0.281607402907766,0.0328339936004341,-0.276874629836874,0.0307207836830283,-0.279802656851787,0.0336488106979407,0.168637543916702,0.122078120708466
21,12,15,15,-0.205326390487709,0.113708421193865,-0.208929441819165,0.115954206690001,-0.205315074135375,0.113007381827683,-0.208146183982639,0.115838491674947,0.701108038425446,0.571588188409806
9,19,4,31,0.0931601901828205,0.36977271998416,0.0966441637451933,0.376411736239617,0.0941163822674621,0.367422079271,0.0908291649328276,0.370709296605634,0.00259947776794434,0.00154387950897217
1,8,37,17,-0.611304241286945,-0.266738169777742,-0.614909968179347,-0.266312261483315,-0.619532754358869,-0.272774937948824,-0.622135285041631,-0.270172407266061,1.53740901964739e-05,9.24769992138872e-06
16,27,7,13,0.14350495278229,0.465680184884577,0.143812586847025,0.471600214159367,0.145743150548762,0.469641464835853,0.142959947416149,0.472424667968467,0.000821395311504603,0.000508260447531939
17,15,31,0,-0.438133359026709,-0.0447342275676302,-0.440423802634065,-0.0437453247699454,-0.444023641819735,-0.0482840504879573,-0.44630797940997,-0.0459997128977225,0.0258960817932348,0.0186238366150064
4,30,6,23,0.207627605319978,0.524713761898876,0.207245851657146,0.530409939107062,0.209280524542668,0.529181013918871,0.20646313793255,0.531998400528988,6.96016941219569e-05,4.12575900554658e-05
28,15,11,9,-0.0959162562880723,0.218450565836022,-0.0973227935687989,0.221575860119242,-0.0944267889496113,0.217503712026534,-0.0973148682423674,0.220391791319291,0.557197093963623,0.442068338394165
23,17,1,22,0.12966141403018,0.36358930106784,0.141966085005933,0.378462200862142,0.129131338051026,0.363176354256667,0.125308952073359,0.366998740234334,0.00014495849609375,7.62939453125001e-05
9,20,1,33,0.17121024338707,0.419703649308885,0.183013942574451,0.428389200558064,0.170024460347415,0.41459092426797,0.166361633054929,0.418253751560455,2.09808349609375e-05,1.09672546386719e-05
20,16,18,9,-0.206659630137575,0.145822657899624,-0.210845452493434,0.149601717827081,-0.209001617640417,0.147463156101955,-0.211534284782581,0.14999582324412,0.864166240440682,0.735878800856882
18,5,23,17,-0.42307680848184,-0.127268944233571,-0.43059877059429,-0.129978193376661,-0.424690774879433,-0.12915537896672,-0.427735919817741,-0.126110234028413,0.000912234187126161,0.000546112656593323
18,11,11,23,-0.144921888130502,0.144921888130502,-0.149059851637759,0.149059851637759,-0.144610108640228,0.144610108640228,-0.147720359272471,0.147720359272471,1,0.915905952453613
9,1,25,28,-0.500184724967576,-0.240979577677714,-0.508878237513709,-0.25312463581045,-0.4976514472748,-0.240810091186739,-0.501143966341362,-0.237317572120177,8.04662704467775e-07,4.17232513427736e-07
11,6,1,45,-0.00790759967137479,0.169735912970388,-0.00386454503537499,0.180008378702205,-0.00628790665402811,0.160134060500182,-0.0115827918683131,0.165428945714467,0.125,0.0703125
14,10,15,24,-0.229643358153089,0.0766156712878959,-0.234153521345507,0.0784430358940949,-0.22953384389435,0.0756876900481961,-0.23248421351641,0.0786380596702563,0.42435622215271,0.326939582824707
27,34,0,2,0.399143709286749,0.655086705582514,0.417892519162512,0.656911354183766,0.397966613328668,0.648187232825179,0.394384224651745,0.651769621502101,1.16415321826935e-10,5.82076609134676e-11
30,22,4,7,0.133904543404793,0.420479067326556,0.137916630764751,0.426038607246165,0.135442157665313,0.418403996180841,0.132264611783039,0.421581542063115,0.000533521175384521,0.000310748815536499
11,8,12,32,-0.200637762687177,0.077198611407502,-0.205470192289115,0.0791173217016771,-0.198905973068336,0.0758290499914134,-0.202176487145194,0.0790995640682705,0.50344467163086,0.383310317993164
1,3,31,28,-0.574734254071694,-0.285671977832819,-0.579530836695948,-0.288733251507486,-0.575185751493164,-0.286352710045298,-0.57830008340913,-0.283238378129332,7.66012817621231e-07,4.17698174715041e-07
12,7,7,37,-0.119179419474529,0.119179419474529,-0.123856087873069,0.123856087873069,-0.116783198019846,0.116783198019846,-0.120613168279388,0.120613168279388,1,0.895263671875
4,23,34,2,-0.389436043474152,0.0592958797263128,-0.390157542856875,0.0599986356234236,-0.395156131706896,0.0566945932453579,-0.397159465170133,0.0586979267085946,0.184850482416419,0.148005800760207
22,19,5,17,0.0729682870887643,0.356161045149392,0.0749950493368465,0.364455277959176,0.0740025992632011,0.35676663150603,0.0708228794196466,0.359946351349584,0.00661075115203857,0.00407731533050537
9,32,13,9,0.0974201671084952,0.477049281311087,0.0954508595396118,0.48030561239353,0.100540924169313,0.484074460446071,0.0981847560407782,0.486430628574606,0.00660882284228138,0.00453386158218905
16,21,7,19,0.0599083989228043,0.367774682136915,0.0607279112571619,0.373889295220925,0.0616778862763755,0.369091344492855,0.058748158594367,0.372021072174864,0.0125409513711929,0.00813005864620209
12,13,34,4,-0.508984059237265,-0.125210661036061,-0.511735089992091,-0.123617942282017,-0.516658673634387,-0.129495172519459,-0.518993015247887,-0.127160830905959,0.00308767646151865,0.00208810733399646
29,0,24,10,-0.494013426975044,-0.249535619580101,-0.504413696138134,-0.271174687381037,-0.490364697194778,-0.248096841266761,-0.494061252393493,-0.244400286068045,1.19209289550781e-07,5.96046447753907e-08
21,19,14,9,-0.0967240598314956,0.248957070408379,-0.100306697330244,0.253670766899557,-0.0979020196070156,0.251748173453169,-0.10048333614986,0.254329489996014,0.486850241664797,0.391528305131942
4,32,6,21,0.23637221207175,0.555791699867047,0.235949576352118,0.561339868893599,0.238743306347378,0.561256693652622,0.235948354868276,0.564051645131724,2.43425602093339e-05,1.42992612381932e-05
11,24,16,12,-0.0674758534441485,0.309868996422379,-0.0702138709526192,0.313507343803839,-0.067665911445669,0.313819757599515,-0.0700345730706715,0.316188419224518,0.26818725105477,0.211023597608802
22,32,2,7,0.320053968447617,0.599202543835007,0.327961781266897,0.605679753985411,0.322853488909953,0.60022343416697,0.319613331080112,0.603463591996811,6.93835318088532e-08,3.67290340363979e-08
8,0,34,21,-0.648050243287791,-0.397024538713409,-0.656911354183766,-0.417892519162512,-0.648187232825179,-0.397966613328668,-0.651769621502101,-0.394384224651745,1.16415321826935e-10,5.82076609134676e-11
19,1,35,8,-0.65320196363119,-0.388076738073082,-0.661001542924971,-0.39971425579525,-0.65525495321281,-0.390898892941036,-0.658650713586936,-0.38750313256691,1.07684172689915e-09,5.52972778677948e-10
26,23,6,8,0.106690382631076,0.413855115627809,0.108806487687477,0.418801466836298,0.109111121036083,0.41396580204084,0.106157268483197,0.416919654593726,0.00231570005416871,0.00143090635538102
27,7,6,23,-0.097557989561625,0.128454395416735,-0.103938463627768,0.136572263093033,-0.0973766647666843,0.128145895535915,-0.101338678451745,0.132107909220976,1,0.79052734375
9,17,17,20,-0.176399822084761,0.176399822084761,-0.180379054570024,0.180379054570024,-0.17838928160832,0.17838928160832,-0.180919752419082,0.180919752419082,1,0.932083120220341
16,15,4,28,0.0405039171420419,0.298539150478843,0.0426037790432975,0.308203529996756,0.0408100911867386,0.2976514472748,0.0373175721201766,0.301143966341362,0.0192108154296875,0.0118179321289063
0,32,17,14,0.0215637933179967,0.430334936931127,0.0205611195729981,0.432151686230585,0.0250661739311413,0.43647228760732,0.0228678873027111,0.43867057423575,0.0443841609871499,0.0328391375642685
4,17,25,17,-0.314860491951392,0.0727896481898099,-0.317694125888425,0.074901742069838,-0.31852837732327,0.0723745311694241,-0.32084065076646,0.0746868046126141,0.27995623852894,0.222052820156023
2,4,23,34,-0.436988665820994,-0.150489014761916,-0.44232170609904,-0.15181561194282,-0.435166066071879,-0.149449318543506,-0.438313637314043,-0.146301747301342,0.000310748815536499,0.000179991126060486
42,20,1,0,0.17410456854678,0.42597685978163,0.183013942574451,0.428389200558064,0.170024460347415,0.41459092426797,0.166361633054929,0.418253751560455,2.09808349609375e-05,1.09672546386719e-05
12,31,9,11,0.161479341507357,0.506255630952591,0.159581144333742,0.511526627118358,0.163796538207269,0.513126538715808,0.161212890126852,0.515710186796225,0.000679548254993279,0.000430857042374556
22,15,5,21,0.0204260331939748,0.286780850682345,0.0211183968437371,0.296024763496505,0.0208242011378414,0.286868106554466,0.017449449615509,0.290242858076799,0.0413894653320313,0.0266036987304688
30,16,0,17,0.138599877715488,0.357628415662603,0.162804112606128,0.37341187534416,0.137177585631769,0.355130106675924,0.13308286676468,0.359224825543012,3.0517578125e-05,1.52587890625e-05
5,18,14,26,-0.110288640901054,0.23226891572479,-0.11346999342092,0.236335827351563,-0.111031771977357,0.234108695054281,-0.113646316676867,0.23672323975379,0.596614895854146,0.486850241664798
26,6,20,11,-0.363135039269935,-0.0661042864906699,-0.369219885456834,-0.0676106273152244,-0.363057620798113,-0.0677116099711179,-0.366104678914672,-0.0646645518545586,0.0093553066253662,0.00592461228370666
20,17,11,15,-0.0695871428902047,0.252707259821416,-0.071052519119226,0.256716736954653,-0.0685146975839049,0.25313008219929,-0.0713170677779818,0.255932452393366,0.344928450882435,0.26493089646101
21,11,21,10,-0.319406905359339,0.014596766355815,-0.32521197403385,0.0177214624069946,-0.322977736272756,0.0152854285804482,-0.325644620651815,0.0179523129595076,0.110184165183455,0.0801433124579488
5,27,21,10,-0.117650089824068,0.298572435849229,-0.119388785653135,0.300519533023479,-0.117569084738828,0.302184469354213,-0.119724103812805,0.30433948842819,0.470879013621712,0.391602910547491
17,23,10,13,0.0313998460086518,0.36451685648363,0.0285788144962132,0.370855511351574,0.0310339083981813,0.368966091601819,0.028364452592583,0.371635547407417,0.0350820333696902,0.0243065101094545
8,13,17,25,-0.226553240611873,0.104408228753814,-0.231546251452162,0.108273317094033,-0.228757011497506,0.105680088420582,-0.231453924263473,0.10837700118655,0.584664711728693,0.473129659891129
5,31,23,4,-0.0997199309418193,0.340192334473824,-0.100775259007522,0.341303526030443,-0.0985351777632745,0.344689023917121,-0.100577149681557,0.346730995835403,0.340890941220097,0.280609717698354
29,23,4,7,0.147714375874727,0.436771428354521,0.15181561194282,0.44232170609904,0.149449318543506,0.435166066071879,0.146301747301342,0.438313637314043,0.000310748815536499,0.000179991126060486
18,15,12,18,-0.113626034488306,0.205220351548617,-0.115954206690001,0.208929441819165,-0.113007381827683,0.205315074135375,-0.115838491674947,0.208146183982639,0.701108038425446,0.571588188409806
26,12,15,10,-0.205967086051142,0.114217082591561,-0.208929441819165,0.115954206690001,-0.205315074135375,0.113007381827683,-0.208146183982639,0.115838491674947,0.701108038425446,0.571588188409806
15,22,10,16,0.0161645232281592,0.349310609724528,0.0149737268132195,0.354234256111457,0.0173132044685873,0.351917564762182,0.0146176184402936,0.354613150790476,0.0501024597324431,0.0350820333696902
2,29,21,11,-0.0911946145542215,0.332113955795578,-0.0925301396745466,0.333698629685109,-0.0901718498344536,0.3363256959883,-0.0922931309483694,0.338446977102216,0.322236320357547,0.262437535711044
28,7,10,18,-0.174198720590918,0.0817350419746537,-0.18123042149061,0.0853710234515677,-0.173590443197605,0.0812827508899125,-0.177109209880357,0.0848015175726649,0.629058837890625,0.480682373046875
30,17,1,15,0.129949335733094,0.365532514229439,0.141966085005933,0.378462200862142,0.129131338051026,0.363176354256667,0.125308952073359,0.366998740234334,0.00014495849609375,7.62939453125001e-05
9,4,24,26,-0.452013739817082,-0.161695125911524,-0.458482395084975,-0.165784947333335,-0.451817958995633,-0.163566656388982,-0.4549384430788,-0.160446172305815,0.000179991126060486,0.000103715807199478
14,16,22,11,-0.27585125989094,0.0938484033823368,-0.279774472351964,0.0969285179039572,-0.279273066954817,0.0946576823394329,-0.281688980558642,0.0970735959432576,0.417692190836533,0.336783635189931
19,0,13,31,-0.304302613987129,-0.099631569485055,-0.321698153685403,-0.12475319630616,-0.301809231694401,-0.0981907683055988,-0.306180698249982,-0.0938193017500179,0.000244140625,0.0001220703125
16,19,17,11,-0.150753588143768,0.211492219660491,-0.154392965217793,0.215474519050677,-0.152493492595613,0.214031954134074,-0.154957576121289,0.216496037659751,0.86793940042844,0.742829358729068
17,2,15,29,-0.319807125239875,-0.0820480515644192,-0.332384159159975,-0.0887707272056872,-0.318330062743169,-0.0816699372568313,-0.32211152595661,-0.0778884740433904,0.002349853515625,0.001312255859375
10,22,21,10,-0.182901964957374,0.213140771295192,-0.185496257019894,0.215807441399236,-0.184594726000551,0.215363956769781,-0.186855237274286,0.217624468043517,1,0.880395821280672
2,16,20,25,-0.242587068384343,0.121064682270712,-0.245568626367483,0.123393259489074,-0.244342645260559,0.121265722183636,-0.24681282730165,0.123735904224727,0.617719317029696,0.511375781585229
20,16,14,13,-0.137644429215646,0.198593776911525,-0.139599486931202,0.201225241858157,-0.136950474808862,0.198488936347324,-0.139639456397391,0.201177917935853,0.855535551905632,0.720100131817162
21,7,10,25,-0.173864815749929,0.0815210916539739,-0.18123042149061,0.0853710234515677,-0.173590443197605,0.0812827508899125,-0.177109209880357,0.0848015175726649,0.629058837890625,0.480682373046875
11,5,46,1,-0.772864150455674,-0.466959139468627,-0.776420923071376,-0.466474255445809,-0.784930311235361,-0.476608150303101,-0.787851565081954,-0.473686896456508,2.32801511401703e-09,1.28482291472664e-09
23,13,13,14,-0.157155722210265,0.157155722210265,-0.160181440975223,0.160181440975223,-0.156681101641316,0.156681101641316,-0.159556224053422,0.159556224053422,1,0.922509491443634
28,15,2,18,0.0820372920821106,0.319479561063224,0.0887707272056872,0.332384159159975,0.0816699372568313,0.318330062743169,0.0778884740433904,0.32211152595661,0.002349853515625,0.001312255859375
18,1,42,2,-0.755282808374662,-0.501999439552234,-0.760698041454005,-0.507203157416439,-0.759189908813261,-0.5023485527252,-0.762682427879823,-0.498856033658638,1.00044417195022e-11,5.11590769747275e-12
19,13,16,15,-0.210824591748417,0.119350106111194,-0.213961834930515,0.121350722079763,-0.210928657754064,0.118620965446372,-0.213664919102881,0.121357226795188,0.711071103811264,0.584664711728692
10,13,34,6,-0.508884919596166,-0.125380775506576,-0.511735089992091,-0.123617942282017,-0.516658673634387,-0.129495172519459,-0.518993015247887,-0.127160830905959,0.00308767646151865,0.00208810733399646
2,18,21,22,-0.234633735487456,0.143711369169012,-0.237252822324947,0.145949819703859,-0.236529655447943,0.14422196314025,-0.238902827440471,0.146595135132779,0.749258624760841,0.635828002628841
14,8,21,20,-0.35658388184163,-0.0402575913277642,-0.361830419668689,-0.0406133744196306,-0.357837435422007,-0.0421625645779931,-0.36069186987289,-0.0393081301271103,0.0241195447742939,0.016124801710248
6,15,20,22,-0.254328301697587,0.102285944127592,-0.258253607187832,0.105322732566999,-0.256873782456718,0.103027628610564,-0.259382599680056,0.105536445833902,0.499559833202511,0.405032246140763
10,7,20,26,-0.35199625281342,-0.0461835029591719,-0.357179181988864,-0.0471105759372926,-0.351967805719821,-0.0480321942801792,-0.354930419859841,-0.0450695801401587,0.0191572904586792,0.0125409513711929
0,31,14,18,0.0634263997075767,0.449982078965677,0.0625021009545208,0.452478640125767,0.06716348759629,0.455913435480633,0.0648385593583401,0.458238363718583,0.0160943600312748,0.0113515914367781
2,25,9,27,0.0766058146092646,0.411353379754927,0.0756028075104404,0.415742102817525,0.0781008671113232,0.414206825196369,0.0754171342617748,0.416890558045917,0.00904118549078704,0.00598812056705357
26,1,4,32,-0.120157980315993,0.0264543895790175,-0.13934873223379,0.0303910114416123,-0.119156818657021,0.0268491263493291,-0.125139003094558,0.0328313107868655,0.375,0.21875
3,23,21,16,-0.17034616173757,0.230772144151886,-0.172397082106225,0.232965737026866,-0.171366847050378,0.23290530858884,-0.173603504640717,0.235141966179179,0.880395821280674,0.765991824244795
14,4,14,31,-0.281684160437827,-0.0274918644471428,-0.290731373384473,-0.0292674853078203,-0.279847732634015,-0.0278445750582929,-0.28340547956099,-0.0242868281313177,0.0308837890625,0.0192108154296875
18,19,13,13,-0.0780644822630089,0.26079603022865,-0.0819208189132114,0.266264588818099,-0.0794500591361447,0.264065443751529,-0.0820767857965598,0.266692170411944,0.377085587475449,0.296206368599087
24,27,1,11,0.269280612851145,0.530303279854267,0.281769058332142,0.540213151699811,0.269955734377556,0.530044265622444,0.266505685349787,0.533494314650213,2.16066837310791e-07,1.11758708953858e-07
31,16,5,11,0.0329999277719235,0.306447500413736,0.0344840818950036,0.313373301736294,0.0339151655681186,0.30454637289342,0.0305962366739887,0.30786530178755,0.0266036987304688,0.0169005393981934
17,12,19,15,-0.275050948713161,0.0618504444151404,-0.278788062114757,0.0633309952579452,-0.276243961359258,0.0608593459746424,-0.278919878417682,0.0635352630330664,0.281041515059769,0.215327149722725
16,22,2,23,0.176196909796143,0.438256176255661,0.184573805629276,0.449392653594592,0.176790362431705,0.43859425295291,0.173362339719188,0.442022275665427,3.58819961547851e-05,1.94311141967774e-05
21,18,3,21,0.100593216057269,0.360357464002363,0.105535874778764,0.371540318943577,0.100940270369987,0.360598191168474,0.0974846480861693,0.364053813452292,0.00148963928222656,0.000855445861816405
11,27,16,9,-0.0273932083035775,0.360140294400355,-0.0296870605313704,0.36329412144604,-0.0265067465726058,0.364968285034144,-0.0288156801580698,0.367277218619608,0.126289474385431,0.0961417544206144
24,16,11,12,-0.0826795380739064,0.235507761799645,-0.0842209633470809,0.239228233000456,-0.081533504640641,0.235379658486795,-0.0843769827902061,0.23822313663636,0.442068338394165,0.344928450882435
12,14,9,28,-0.070736049821219,0.224250306335527,-0.0724097446974597,0.228931291528764,-0.0696088450265829,0.223454998872737,-0.0726791462318973,0.226525300078051,0.404872894287109,0.307456254959106
23,20,11,9,-0.0279437394611023,0.302554952276882,-0.0311517702899134,0.308291978934987,-0.0287570114975055,0.305680088420582,-0.0314539242634731,0.30837700118655,0.149612784385681,0.110184165183455
13,32,9,9,0.175610820482254,0.522147914527627,0.173788634476785,0.527138472621476,0.178382132951598,0.52931017474071,0.175810079829861,0.531882227862446,0.000430857042374556,0.000271539234290685
6,31,25,1,-0.134903550980771,0.315039292205897,-0.135657273243625,0.315833007486476,-0.134235967335721,0.318851351951106,-0.136233881037903,0.320849265653288,0.504403760022825,0.427042856503255
21,7,24,11,-0.418180337625896,-0.100610743869227,-0.423267235121695,-0.101977284575733,-0.419818391339832,-0.103258531737091,-0.422664986979111,-0.100411936097812,0.00332689285278321,0.00210240157321097
20,0,20,23,-0.42425525129094,-0.192227277732436,-0.440035320204849,-0.215866846111155,-0.423875073980651,-0.191509541403965,-0.427724204307588,-0.187660411077028,1.9073486328125e-06,9.53674316406249e-07
17,9,20,17,-0.32799132325862,-0.0076075123070922,-0.332880837504099,-0.00734137032037229,-0.329181013918871,-0.00928052454266776,-0.331998400528988,-0.00646313793255004,0.0614283457398414,0.0427739452570677
26,12,4,21,0.00243604736956146,0.244230780382662,0.00279532954126754,0.255195830766227,0.00240578162991011,0.243748064523936,-0.00130452811566638,0.247458374269513,0.076812744140625,0.049041748046875
14,12,12,25,-0.151349680745284,0.151349680745284,-0.154720608543107,0.154720608543107,-0.150766460349235,0.150766460349235,-0.153752224663212,0.153752224663212,1,0.919409871101379
13,18,23,9,-0.268219622061092,0.116835503094359,-0.271407414140525,0.11954157917857,-0.271441925773136,0.117595771926982,-0.273765154692546,0.119919000846392,0.532709255236115,0.440799067342597
13,2,24,24,-0.471660150327419,-0.204243739002644,-0.481585780282606,-0.212637637838108,-0.47179858506424,-0.205124491858837,-0.475165558224603,-0.201757518698474,1.04904174804688e-05,5.6475400924683e-06
6,5,24,28,-0.442227076482225,-0.14068683859821,-0.446820191051116,-0.14389562020634,-0.441394770888792,-0.143220613726593,-0.444413504236417,-0.140201880378968,0.000546112656593324,0.000324914231896402
4,17,22,20,-0.264055242896405,0.112476479102276,-0.267115869232458,0.114928552826287,-0.266710169510147,0.112864015663993,-0.269090611994177,0.115244458148024,0.522397380496841,0.429590507843386
7,16,24,16,-0.310056800060228,0.0676519101712872,-0.313507343803839,0.0702138709526192,-0.313819757599515,0.067665911445669,-0.316188419224518,0.0700345730706715,0.26818725105477,0.211023597608802
8,34,17,4,0.0497328728903566,0.462269229249701,0.0483418190427634,0.464028814950971,0.0536034797991765,0.469473443277747,0.0514285435108578,0.471648379566065,0.0240929076984494,0.0175332352990849
36,1,24,2,-0.490933119077929,-0.22729362011835,-0.493032241033101,-0.238930777229323,-0.481282750889913,-0.226409556802395,-0.484801517572665,-0.222890790119643,1.54972076416016e-06,8.04662704467777e-07
9,11,27,16,-0.419351485201108,-0.0664960900039187,-0.42424818848209,-0.0641835604928517,-0.424699884630382,-0.0676078076773102,-0.427228164814208,-0.0650795274934846,0.0138529652613215,0.00947530427947643
13,21,23,6,-0.23052930646018,0.170089628545999,-0.232965737026866,0.172397082106225,-0.23290530858884,0.171366847050378,-0.235141966179179,0.173603504640717,0.880395821280674,0.765991824244795
16,18,9,20,-0.0187728428910811,0.293718586168642,-0.0195084360263759,0.298842501296646,-0.0175037120265344,0.294426788949611,-0.0203917913192905,0.297314868242367,0.122078120708466,0.0871585533022881
30,6,7,20,-0.12878968056255,0.0978405325769581,-0.136572263093033,0.103938463627767,-0.128145895535915,0.0973766647666843,-0.132107909220976,0.101338678451745,1,0.79052734375
18,10,14,21,-0.211495841281529,0.0890844466250316,-0.21637360826033,0.0915231204415669,-0.211560850915875,0.0884839278389521,-0.214561134163004,0.0914842110860806,0.541256189346313,0.42435622215271
19,18,14,12,-0.109406118955413,0.231227431389835,-0.11346999342092,0.236335827351563,-0.111031771977357,0.234108695054281,-0.113646316676867,0.23672323975379,0.596614895854146,0.486850241664798
22,31,6,4,0.221962643770926,0.540300134430121,0.221566240170767,0.545926020345813,0.22396704498029,0.545263724250479,0.221161690713527,0.548069078517242,4.12575900554657e-05,2.4342560209334e-05
16,25,2,20,0.218216428921179,0.486964337579419,0.226785691771829,0.49749880920762,0.219464130080353,0.488228177611955,0.216122701471325,0.491569606220983,5.64754009246827e-06,3.032386302948e-06
22,3,22,16,-0.427911963054412,-0.154925498649853,-0.437750042014052,-0.160594361546643,-0.428653109939709,-0.155962274675676,-0.431947564593148,-0.152667820022236,0.000156521797180176,8.79764556884767e-05
21,15,16,11,-0.183611506102454,0.153129690175345,-0.188420319188773,0.157660524048513,-0.185916385764949,0.155147154995718,-0.188561708938296,0.157792478169065,1,0.860050065908581
22,23,12,6,-0.0071726239408115,0.341860247112434,-0.00966842725643234,0.346429505355565,-0.00694927195347075,0.345410810415009,-0.0095110220054439,0.347972560466982,0.0895310789346697,0.0652453352231535
34,10,8,11,-0.102134104596875,0.164070853158094,-0.104992329270175,0.1686082557193,-0.100452899099965,0.161991360638427,-0.103872770070246,0.165411231608707,0.814529418945313,0.647605895996094
25,17,10,11,-0.0511297222799653,0.265205315210185,-0.0520822613383531,0.269197120229167,-0.0497013893329084,0.265086004717524,-0.0525637277195139,0.267948343104129,0.247788563370705,0.184933342039585
9,14,19,21,-0.248957070408379,0.0967240598314957,-0.253670766899557,0.100306697330244,-0.251748173453169,0.0979020196070156,-0.254329489996014,0.10048333614986,0.486850241664797,0.391528305131942
18,15,25,5,-0.339252544804676,0.0362026790662044,-0.342649774623553,0.0384653469883476,-0.343264369325348,0.0355720616330403,-0.345649389944954,0.037957082252646,0.153859944162832,0.117275205957413
15,10,20,18,-0.316373787303787,0.0115231388177851,-0.320622673321739,0.0120442095680589,-0.317513652540389,0.00982134484808134,-0.320268121000364,0.0125758133080562,0.0987371467053889,0.0707555459812282
18,11,20,14,-0.304606144702836,0.0304527285077011,-0.308291978934987,0.0311517702899134,-0.305680088420582,0.0287570114975055,-0.30837700118655,0.0314539242634731,0.149612784385681,0.110184165183455
29,13,7,14,-0.0448676384837191,0.229609874124398,-0.0463269354707194,0.236022962151905,-0.044037725324324,0.228653109939709,-0.0473321799777636,0.231947564593148,0.263175964355469,0.189247131347656
9,21,5,28,0.0997012495213146,0.391817421693035,0.102348695771624,0.39778767810655,0.101350408405046,0.390957283902647,0.0982442230506816,0.394063469257011,0.00249391794204712,0.00151371955871582
33,4,8,18,-0.170867403764803,0.0465514015404953,-0.181173728033824,0.0494174436053223,-0.169223488551108,0.0461465654741847,-0.173365497917701,0.0502885748407784,0.3876953125,0.266845703125
23,5,10,25,-0.196435065302896,0.0422478974463293,-0.206297391525119,0.0447112742839355,-0.196077749383141,0.0422315955369874,-0.199833845335429,0.0459876914892746,0.3017578125,0.210113525390625
3,14,30,16,-0.433569346740014,-0.0502230233613887,-0.436478011379939,-0.048608275440443,-0.439373964132181,-0.0529337281755113,-0.441712622520981,-0.0505950697867111,0.0226288412059148,0.0160943600312749
25,7,22,9,-0.385681309339196,-0.0731175590387231,-0.390470899899302,-0.0744117578933663,-0.386105405369819,-0.0754330561686428,-0.389004966815782,-0.0725334947226795,0.00813005864620209,0.00522287935018539
4,32,7,20,0.215623138442527,0.544898039116022,0.214802654153842,0.550029496484544,0.218403679032379,0.55082709019839,0.215690691052066,0.553540078178703,7.0254784077406e-05,4.22770226577996e-05
43,1,18,1,-0.394005863555245,-0.144366889605191,-0.395253419569639,-0.15556604991597,-0.380458114691895,-0.142618808385028,-0.384221406273182,-0.138855516803741,7.62939453125001e-05,4.00543212890626e-05
13,25,7,18,0.114473135172326,0.434259116442977,0.115857949647186,0.43948986431469,0.117323024761685,0.436523129084469,0.114499563623529,0.439346590222625,0.00210240157321096,0.00131872715428472
23,19,7,14,0.0330817081882575,0.33417761384517,0.033560136575462,0.340335051952412,0.0344997846732918,0.334730984557477,0.0315013278843844,0.337729441346385,0.0289592742919922,0.0191572904586792
11,20,29,3,-0.344499186876157,0.0732804214765434,-0.346295929726377,0.0747722585308747,-0.349003747669327,0.0720806707462502,-0.351152024569276,0.0742289476461991,0.252869730167604,0.202638751064541
2,22,22,17,-0.2008129901511,0.2008129901511,-0.202817011001163,0.202817011001163,-0.20227443244075,0.20227443244075,-0.204509576895257,0.204509576895257,1,0.940197910640336
3,21,16,23,-0.10778493637055,0.259585909808415,-0.110192525704004,0.26273318766369,-0.108011231595797,0.261857385441951,-0.110453334319117,0.26429948816527,0.511375781585229,0.417692190836533
23,5,14,21,-0.26909504835549,-0.00759342651365866,-0.278498067877512,-0.00782088115921681,-0.269042514023108,-0.00788056289996852,-0.272478747062751,-0.00444432986032625,0.063568115234375,0.0413894653320312
6,28,11,18,0.080036647334266,0.435970759714715,0.0780490385225842,0.440375060925276,0.0817432881907799,0.441333634886143,0.0792323305889722,0.443844592487951,0.00947530427947642,0.00642657609569143
11,14,24,14,-0.33412109495766,0.0307040135289063,-0.338418822180303,0.033532551518635,-0.33840188610615,0.0307095784138425,-0.340848932789872,0.0331566250975639,0.143306654295885,0.108129021406058
8,20,20,15,-0.191129347706224,0.191129347706224,-0.194153252099909,0.194153252099909,-0.193075275290829,0.193075275290829,-0.195415667108036,0.195415667108036,1,0.93731465619021
25,27,10,1,0.0844276577230958,0.432387918903079,0.0836260161876737,0.436206782938849,0.0868734612841923,0.436203461792731,0.084289813203775,0.438787109873148,0.00763207860291005,0.00509764329763129
12,20,23,8,-0.243132755416748,0.152415152583048,-0.245845691188445,0.154908923845713,-0.245853202324516,0.153545510016824,-0.248116847413061,0.155809155105369,0.760791642561346,0.651587827208916
1,21,12,29,-0.0350425693101488,0.309334651062801,-0.0366271893514974,0.312859352793054,-0.0341086950542805,0.311031771977357,-0.0367232397537899,0.313646316676867,0.16275565745309,0.121449484955519
20,16,22,5,-0.276364106847583,0.0943241268959577,-0.279774472351964,0.0969285179039572,-0.279273066954817,0.0946576823394329,-0.281688980558642,0.0970735959432576,0.417692190836533,0.336783635189931
1,11,32,19,-0.50066150344969,-0.13498976633066,-0.503893575178448,-0.13410178169755,-0.507025312736345,-0.139128533417502,-0.509480332597628,-0.136673513556218,0.0019139610012644,0.00126003381626561
23,14,20,6,-0.266682414914361,0.0840618360203996,-0.270869228088945,0.0870786006508052,-0.269279913931149,0.0846645293157645,-0.271830360093661,0.0872149754782767,0.391528305131942,0.310504659079015
26,4,21,12,-0.401777297871956,-0.120359461009874,-0.409629098920048,-0.124088280000047,-0.401528497048243,-0.12154842602868,-0.404739128662185,-0.118337794414738,0.000910520553588867,0.00053352117538452
11,5,29,18,-0.520416200623471,-0.211422356039196,-0.526215183138997,-0.214492959893828,-0.523391849696899,-0.215069688764639,-0.526313103543492,-0.212148434918046,3.85581515729428e-05,2.23615206778049e-05
0,0,0,63,-0.0574711995888517,0.0574711995888517,-0.0574712219181663,0.0574712219181686,-0.030153292069847,0.030153292069847,-0.0426431945953747,0.0426431945953747,1,0.5
63,0,0,0,-0.0574711995888517,0.0574711995888517,-0.0574712219181663,0.0574712219181686,-0.030153292069847,0.030153292069847,-0.0426431945953747,0.0426431945953747,1,0.5
0,63,0,0,0.918723450095595,1,0.885057607554148,1,0.917542172760985,1,0.90938987996878,1,2.16840434497101e-19,1.0842021724855e-19
0,0,63,0,-1,-0.918723450095595,-1,-0.885057607554157,-1,-0.917542172760985,-1,-0.90938987996878,2.16840434497101e-19,1.0842021724855e-19
0,1,0,62,-0.0430646345586671,0.0845852545943839,-0.0425104335192172,0.0845852552032581,-0.0270942502966375,0.0578634810658683,-0.0367083308961952,0.067477561665426,1,0.5
62,0,1,0,-0.084585254594384,0.043064634558667,-0.0845852552032582,0.0425104335192156,-0.0578634810658683,0.0270942502966375,-0.067477561665426,0.0367083308961952,1,0.5
31,1,1,30,-0.0523216587472895,0.0523216587472895,-0.0708700649792821,0.0708700649792821,-0.0522270338804387,0.0522270338804387,-0.060306584139694,0.060306584139694,1,0.75
0,32,31,0,-0.224742274500905,0.254663823720307,-0.224742274418189,0.254663823660779,-0.225812725881483,0.256581956650714,-0.227690225881371,0.258459456650601,0.999999999999998,0.900653246252031
55,8,0,0,0.0430215733100785,0.231070344782697,0.0622149970350345,0.231070344785389,0.0377085671308874,0.208445279022959,0.0325397637467423,0.213614082407104,0.0078125,0.00390625
0,0,8,55,-0.231070344782697,-0.0430215733100784,-0.23107034478539,-0.0622149970350346,-0.208445279022959,-0.0377085671308874,-0.213614082407104,-0.0325397637467423,0.0078125,0.00390625
60,3,0,0,-0.0178193435799242,0.130909678379061,-0.0125888558561228,0.130909678430114,-0.013099777777525,0.105407470085217,-0.020330836079356,0.112638528387048,0.25,0.125
58,0,5,0,-0.172703098509041,-0.00637898620295112,-0.172703098524957,-0.017332673448192,-0.148376738428771,-0.00546941541738324,-0.154478520092591,0.000632366246437283,0.0625,0.03125
1,30,30,2,-0.233955782110699,0.233955782110699,-0.234289902820437,0.234289902820437,-0.235504739616041,0.235504739616041,-0.237427259185353,0.237427259185353,1,0.948710913495715
